Business Name,Category,Rating,Reviews,Phone Number,Website URL,Email,Full Address,Scraped Date,Google Maps Link
Homes 4 Life Real Estate - Town Square Dubai Office,Real estate agency,4.8,915,+971568188620,https://homes4life.ae/,N/A,Al Yalayis 2 - Dubai - United Arab Emirates,2026-04-18 07:19:36,https://www.google.com/maps/place/Homes+4+Life+Real+Estate+-+Town+Square+Dubai+Office/data=!4m7!3m6!1s0x3e5f710be8f5ccc1:0x6faf0cf2fd75df3a!8m2!3d25.0108187!4d55.2889383!16s%2Fg%2F11hyxqbnms!19sChIJwcz16AtxXz4ROt91_fIMr28?authuser=0&hl=en&rclk=1
Christie’s International Real Estate Dubai,Real estate agency,4.7,106,+97144252780,https://christiesrealestatedubai.com/,info@christiesrealestatedubai.com,"P03, Bay Square 2, Business Bay, Dubai - UAE - Dubai - United Arab Emirates",2026-04-18 07:19:45,https://www.google.com/maps/place/Christie%E2%80%99s+International+Real+Estate+Dubai/data=!4m7!3m6!1s0x3e5f6830f402117d:0xfa8d70c0e5ccf3d0!8m2!3d25.1853625!4d55.2791344!16s%2Fg%2F11c761pq6w!19sChIJfREC9DBoXz4R0PPM5cBwjfo?authuser=0&hl=en&rclk=1
Xperience Realty Real Estate,Real estate agent,4.9,437,+971564080888,https://www.xrealty.ae/,info@xrealty.ae,Office 301 & 302 Park Heights Square Building 1 - Dubai Hills - Dubai - United Arab Emirates,2026-04-18 07:20:05,https://www.google.com/maps/place/Xperience%E2%80%8B+Realty+Real+Estate/data=!4m7!3m6!1s0x3e5f69742ae364c3:0xf5f30b07708195fd!8m2!3d25.1143578!4d55.2463352!16s%2Fg%2F11ty7cwknc!19sChIJw2TjKnRpXz4R_ZWBcAcL8_U?authuser=0&hl=en&rclk=1
Next Level Real Estate - Award Winning Real Estate Agency in Dubai,Real estate agent,4.5,116,+97144542828,https://www.nextlevelrealestate.ae/?utm_source=google&utm_medium=organic&utm_campaign=googlge_my_business,media@nextlevelrealestate.ae,Opal Tower - 1505 - Burj Khalifa Blvd - Business Bay - Dubai - United Arab Emirates,2026-04-18 07:20:12,https://www.google.com/maps/place/Next+Level+Real+Estate+-+Award+Winning+Real+Estate+Agency+in+Dubai/data=!4m7!3m6!1s0x3e5f69d3345b4265:0x84561af444b75ead!8m2!3d25.1851504!4d55.2755081!16s%2Fg%2F11b7r6npwg!19sChIJZUJbNNNpXz4RrV63RPQaVoQ?authuser=0&hl=en&rclk=1
Al Ayan Real Estate Broker LLC,Commercial real estate agency,4.8,1037,+971553030652,https://alayanrealestate.ae/,hello@nexteuv.com,Al Ayan Real Estate Broker - S04 Building - Shop 05 - Spain Cluster - Dubai - United Arab Emirates,2026-04-18 07:20:22,https://www.google.com/maps/place/Al+Ayan+Real+Estate+Broker+LLC/data=!4m7!3m6!1s0x3e5f66b4be6c3899:0x1b17569416b345e2!8m2!3d25.1641287!4d55.4018828!16s%2Fg%2F11bw4v2796!19sChIJmThsvrRmXz4R4kWzFpRWFxs?authuser=0&hl=en&rclk=1
District Real Estate,Real estate agency,4.8,56,+97148800373,http://www.districtuae.com/,N/A,Prime Tower - 1512 - Business Bay - Dubai - United Arab Emirates,2026-04-18 07:20:29,https://www.google.com/maps/place/District+Real+Estate/data=!4m7!3m6!1s0x3e5f6978459d49b7:0x18ffcc7d00e39ba6!8m2!3d25.1885823!4d55.2717166!16s%2Fg%2F11h04mj760!19sChIJt0mdRXhpXz4RppvjAH3M_xg?authuser=0&hl=en&rclk=1
Dacha Real Estate,Real estate agency,4.8,1411,+97144232006,https://www.dacha.ae/contact/real-estate-agents-in-dubai-marina/,info@dacha.ae,"& 2404, Marina Plaza - Office 2101 - Marsa Dubai - Dubai Marina - Dubai - United Arab Emirates",2026-04-18 07:20:44,https://www.google.com/maps/place/Dacha+Real+Estate/data=!4m7!3m6!1s0x3e5f6a001cf55a71:0x4102133a9a1455de!8m2!3d25.0753976!4d55.1398252!16s%2Fg%2F1hg4y7gw8!19sChIJcVr1HABqXz4R3lUUmjoTAkE?authuser=0&hl=en&rclk=1
Provident Real Estate,Real estate agency,4.6,518,+97143233609,https://www.providentestate.com/,N/A,Marina Plaza - 1802 Al Marsa St - Marsa Dubai - Dubai Marina - Dubai - United Arab Emirates,2026-04-18 07:21:10,https://www.google.com/maps/place/Provident+Real+Estate/data=!4m7!3m6!1s0x3e5f158788cd5f49:0xde4fd2b7646c89d2!8m2!3d25.0751356!4d55.1399377!16s%2Fg%2F11ghn6kdrw!19sChIJSV_NiIcVXz4R0olsZLfST94?authuser=0&hl=en&rclk=1
HUAXIA REAL ESTATE BROKERS - DUBAI | 迪拜华夏地产,Real estate agency,4.5,98,+97145897440,https://www.huaxia.ae/?utm_source=local_maps&utm_medium=gbp&utm_campaign=googlemaps,info@huaxia.ae,Park Heights Square 2 Dubai Hills Estate - Office 504 - Hadaeq Sheikh Mohammed Bin Rashid - Dubai - United Arab Emirates,2026-04-18 07:21:17,https://www.google.com/maps/place/HUAXIA+REAL+ESTATE+BROKERS+-+DUBAI+%7C+%E8%BF%AA%E6%8B%9C%E5%8D%8E%E5%A4%8F%E5%9C%B0%E4%BA%A7/data=!4m7!3m6!1s0x3e5f69a57e472025:0xfe73371b2392a773!8m2!3d25.1134409!4d55.2459584!16s%2Fg%2F11h3bsdg9d!19sChIJJSBHfqVpXz4Rc6eSIxs3c_4?authuser=0&hl=en&rclk=1
XSITE REAL ESTATE BROKERS,Real estate agent,4.8,819,+97143687000,https://xsite.ae/,N/A,"B1204 & B202, Prime Business Centre - Al Barsha South Fourth - Jumeirah Village Circle - Dubai - United Arab Emirates",2026-04-18 07:21:27,https://www.google.com/maps/place/XSITE+REAL+ESTATE+BROKERS/data=!4m7!3m6!1s0x3e5f6d67365b1249:0xe34da7d3431ae963!8m2!3d25.0491706!4d55.2146385!16s%2Fg%2F11rr8159pf!19sChIJSRJbNmdtXz4RY-kaQ9OnTeM?authuser=0&hl=en&rclk=1
Union Square House Real Estate,Real estate agency,4.8,390,+97144589090,https://ushre.com/,info@ushre.com,Building 6 - Office 202 - Business Bay - Bay Square - Dubai - United Arab Emirates,2026-04-18 07:21:40,https://www.google.com/maps/place/Union+Square+House+Real+Estate/data=!4m7!3m6!1s0x3e5f696d169b1dbb:0x57b8e0beb9b7356!8m2!3d25.1855406!4d55.280069!16s%2Fg%2F11k0_7d10w!19sChIJux2bFm1pXz4RVnOb6wuOewU?authuser=0&hl=en&rclk=1
Silver Keys Real Estate L.L.C - Real Estate Company in Dubai,Real estate agent,4.1,40,+971555339696,https://www.silverkeys.ae/,properties@silverkeys.ae,Deira - Dubai ​Al Fahad Building​ Abu Hail 1st Floor Office 115 - Dubai - United Arab Emirates,2026-04-18 07:22:06,https://www.google.com/maps/place/Silver+Keys+Real+Estate+L.L.C+-+Real+Estate+Company+in+Dubai/data=!4m7!3m6!1s0x3e5f5d3b0141c9dd:0xaef1fd70c13e65a8!8m2!3d25.2791169!4d55.3448427!16s%2Fg%2F11l4ljk26g!19sChIJ3clBATtdXz4RqGU-wXD98a4?authuser=0&hl=en&rclk=1
Smart Folks Real Estate Brokers,Commercial real estate agency,4.8,52,+971552828039,https://themegahub.in/,N/A,"Burjuman center, The Business centre - Bur Dubai 18 years real estate experience Victor - Dubai - United Arab Emirates",2026-04-18 07:22:15,https://www.google.com/maps/place/Smart+Folks+Real+Estate+Brokers/data=!4m7!3m6!1s0x3e5f43337a7f09e9:0x206ffc964cfb75a!8m2!3d25.255722!4d55.3033769!16s%2Fg%2F11s3y7b60l!19sChIJ6Ql_ejNDXz4RWrfPZMn_BgI?authuser=0&hl=en&rclk=1
Impressive Real Estate LLC,Real estate agent,4.9,91,+971507465012,https://impressiverealestate.net/,info@impressiverealestate.net,"Office # 963, The Burjuman Business Tower - Al Mankhool - Dubai - United Arab Emirates",2026-04-18 07:22:31,https://www.google.com/maps/place/Impressive+Real+Estate+LLC/data=!4m7!3m6!1s0x3e5f433096e7414f:0x2c36f246a95842f7!8m2!3d25.2516171!4d55.3012382!16s%2Fg%2F11rkdnrxlr!19sChIJT0HnljBDXz4R90JYqUbyNiw?authuser=0&hl=en&rclk=1
Strada Real Estate Brokerage,Real estate agency,4.7,290,+97145476400,http://www.stradauae.com/,taha@seven52creative.com,Park Heights Square 2 Dubai Hills Estate - Office 202 - Hadaeq Sheikh Mohammed Bin Rashid - Dubai - United Arab Emirates,2026-04-18 07:22:41,https://www.google.com/maps/place/Strada+Real+Estate+Brokerage/data=!4m7!3m6!1s0x3e5f6b931219ac79:0x6899464b4fea777a!8m2!3d25.1138231!4d55.24615!16s%2Fg%2F11sx0fbtn8!19sChIJeawZEpNrXz4RenfqT0tGmWg?authuser=0&hl=en&rclk=1
Springfield Properties,Real estate agency,4.8,387,+97144542588,https://springfieldproperties.ae/,N/A,"Office 102, 103, 104, 105, 106, Building 02 - Business Bay - Bay Square - Dubai - United Arab Emirates",2026-04-18 07:22:48,https://www.google.com/maps/place/Springfield+Properties/data=!4m7!3m6!1s0x3e5f6beb752b4681:0x4dc01bc0b6a2e73f!8m2!3d25.185424!4d55.280141!16s%2Fg%2F11b6g9vxtw!19sChIJgUYrdetrXz4RP-eitsAbwE0?authuser=0&hl=en&rclk=1
Jade & Co Real Estate,Real estate agency,4.9,159,+97142998866,http://jadeandco.com/,N/A,"Onyx Tower 1, Office 610 - The Greens - Dubai - United Arab Emirates",2026-04-18 07:23:16,https://www.google.com/maps/place/Jade+%26+Co+Real+Estate/data=!4m7!3m6!1s0x3e5f6b1be7a616df:0xf7fcacc8ff90654a!8m2!3d25.096648!4d55.168507!16s%2Fg%2F11ngr2wkd_!19sChIJ3xam5xtrXz4RSmWQ_8is_Pc?authuser=0&hl=en&rclk=1
REAL DUBAI - Lovisa Homes Real Estate Broker LLC,Real estate agency,5.0,35,N/A,https://www.real-dubai.com/,hello@real-dubai.com,2 Al Mamsha St - Marsa Dubai - Dubai Marina - Dubai - United Arab Emirates,2026-04-18 07:23:26,https://www.google.com/maps/place/REAL+DUBAI+-+Lovisa+Homes+Real+Estate+Broker+LLC/data=!4m7!3m6!1s0x3e5f6b968f283923:0xe74e415c5bfb0bea!8m2!3d25.0833467!4d55.1408596!16s%2Fg%2F11lmhx77_0!19sChIJIzkoj5ZrXz4R6gv7W1xBTuc?authuser=0&hl=en&rclk=1
Green Desert Real Estate Dubai,Real estate agent,4.7,84,+971503242054,https://greendesertrealestate.com/,N/A,"Building, IT PLAZA - Nadd Hessa - Dubai Silicon Oasis - Dubai - United Arab Emirates",2026-04-18 07:23:37,https://www.google.com/maps/place/Green+Desert+Real+Estate+Dubai/data=!4m7!3m6!1s0x3e5f658ee32b73a9:0x28abcaae66374d94!8m2!3d25.1213351!4d55.3985437!16s%2Fg%2F11rrqg7w1k!19sChIJqXMr445lXz4RlE03Zq7Kqyg?authuser=0&hl=en&rclk=1
Al Amman Properties,Real estate agency,4.9,170,+971569192376,http://alammanproperties.com/,info@alammanproperties.com,Building S 04 - Shop 6 - Spain Cluster - Dubai - United Arab Emirates,2026-04-18 07:23:47,https://www.google.com/maps/place/Al+Amman+Properties/data=!4m7!3m6!1s0x3e5f673722ec9921:0x7ad454e01fcb5249!8m2!3d25.162864!4d55.4040182!16s%2Fg%2F11fss3347k!19sChIJIZnsIjdnXz4RSVLLH-BU1Ho?authuser=0&hl=en&rclk=1
Cavendish Maxwell - Sharjah,Surveyor,4.3,6,+97167150444,https://cavendishmaxwell.com/,N/A,"342 & 343 (Mall R Floor), Al Fardan Centre Al Majaz, Buhaira - Corniche St - Sharjah - United Arab Emirates",2026-04-18 07:24:01,https://www.google.com/maps/place/Cavendish+Maxwell+-+Sharjah/data=!4m7!3m6!1s0x3e5f5ba85728a9a7:0xb7f7171af7a091f8!8m2!3d25.323998!4d55.382212!16s%2Fg%2F11j34dpwvb!19sChIJp6koV6hbXz4R-JGg9xoX97c?authuser=0&hl=en&rclk=1
"Auric Acres Real Estate Brokers, Dubai, UAE",Real estate consultant,4.7,29,+971529578280,https://auric-acres.com/,info@auric-acres.com,"M-17, Atrium Center, Bank Street - Dubai - United Arab Emirates",2026-04-18 07:24:14,"https://www.google.com/maps/place/Auric+Acres+Real+Estate+Brokers,+Dubai,+UAE/data=!4m7!3m6!1s0x3e5f433b737a1a8d:0x7f9bd0e5137bbcf1!8m2!3d25.2570194!4d55.2989952!16s%2Fg%2F11cnnd4__x!19sChIJjRp6cztDXz4R8bx7E-XQm38?authuser=0&hl=en&rclk=1"
Arabian Estates - Real Estate Agency Dubai,Real estate agent,4.8,141,+97143243137,https://www.arabianestates.ae/?utm_source=localmaps&utm_medium=google,N/A,"Floor M, Golden Mile 2 - Office 21 - Palm Jumeirah - Dubai - United Arab Emirates",2026-04-18 07:24:24,https://www.google.com/maps/place/Arabian+Estates+-+Real+Estate+Agency+Dubai/data=!4m7!3m6!1s0x3e5f6dda31c04aa5:0x643505bb9074f0f!8m2!3d25.1061847!4d55.1483619!16s%2Fg%2F11t57n3r3s!19sChIJpUrAMdptXz4RD08HuVtQQwY?authuser=0&hl=en&rclk=1
Axis Real Estate Brokerage Dubai,Real estate agency,4.9,93,+971528759269,https://axisrealestate.ae/,info@axisrealestate.com,"RAG Biz HQ, Addiyar Building - Office 15 - Sheikh Zayed Rd - Al Wasl - Dubai - United Arab Emirates",2026-04-18 07:24:40,https://www.google.com/maps/place/Axis+Real+Estate+Brokerage+Dubai/data=!4m7!3m6!1s0x3e5f69a3dedc3e45:0x75baeb8946794c09!8m2!3d25.1877209!4d55.2554663!16s%2Fg%2F11sbpst74p!19sChIJRT7c3qNpXz4RCUx5RonrunU?authuser=0&hl=en&rclk=1
Aaronz & Co. Real Estate Services,Real estate agent,4.9,497,+97145849243,https://www.aaronz.co/,info@aaronz.co,Marina Plaza - 3402 - The Palm Jumeirah - Dubai Marina - Dubai - United Arab Emirates,2026-04-18 07:24:59,https://www.google.com/maps/place/Aaronz+%26+Co.+Real+Estate+Services/data=!4m7!3m6!1s0x3e5f6d29eb90ea77:0x87d63301b291f06b!8m2!3d25.1148413!4d55.1376326!16s%2Fg%2F11rklf37rm!19sChIJd-qQ6yltXz4Ra_CRsgEz1oc?authuser=0&hl=en&rclk=1
Unique Properties,Real estate agency,4.7,323,+97144558888,https://uniqueproperties.ae/en/,info@uniqueproperties.ae,"Tower, The Bay Gate - 31st Floor - Business Bay - Dubai - United Arab Emirates",2026-04-18 07:25:05,https://www.google.com/maps/place/Unique+Properties/data=!4m7!3m6!1s0x3e5f6bbeefffffff:0xe417fab21f5fff32!8m2!3d25.1888374!4d55.2629563!16s%2Fg%2F1vvywk6_!19sChIJ____775rXz4RMv9fH7L6F-Q?authuser=0&hl=en&rclk=1
H&S Real Estate,Real estate agency,4.5,305,+97143454888,https://hsproperty.ae/,info@hsproperty.ae,"Grey Square, Showroom 2, Umm Suqeim Road, Al Barsha 2 - Dubai - United Arab Emirates",2026-04-18 07:25:11,https://www.google.com/maps/place/H%26S+Real+Estate/data=!4m7!3m6!1s0x3e5f6b798c7080a5:0x11c19a9e96fbd2f1!8m2!3d25.1079019!4d55.223372!16s%2Fg%2F11bxg1nq5d!19sChIJpYBwjHlrXz4R8dL7lp6awRE?authuser=0&hl=en&rclk=1
Excel Properties | Top Real Estate Broker in Dubai since 2001,Real estate agent,4.7,71,+97143364447,https://excelproperties.ae/,N/A,6 Sheikh Zayed Rd - Trade Center First - Dubai - United Arab Emirates,2026-04-18 07:25:36,https://www.google.com/maps/place/Excel+Properties+%7C+Top+Real+Estate+Broker+in+Dubai+since+2001/data=!4m7!3m6!1s0x3e5f43b051c5917f:0x13f5bfd34c4a4db2!8m2!3d25.2294185!4d55.2867638!16s%2Fg%2F11h0r0ww16!19sChIJf5HFUbBDXz4Rsk1KTNO_9RM?authuser=0&hl=en&rclk=1
House & Hedges Real Estate - Head Office,Real estate agency,4.7,395,+971523362441,https://houseandhedges.ae/,N/A,"Dubai Hills Estate, Park Heights Square 2 - Office 403 -4th Floor - Hadaeq Sheikh Mohammed Bin Rashid - Dubai - United Arab Emirates",2026-04-18 07:25:41,https://www.google.com/maps/place/House+%26+Hedges+Real+Estate+-+Head+Office/data=!4m7!3m6!1s0x3e5f69ebd1d57ae9:0x50b2631d4ec4d90b!8m2!3d25.1136741!4d55.245812!16s%2Fg%2F11tx5yxqm4!19sChIJ6XrV0etpXz4RC9nETh1jslA?authuser=0&hl=en&rclk=1
Dream Catcher Homes Real Estate,Real estate consultant,4.9,67,+97142833746,http://dreamcatcherhomes.ae/,info@dchbroker.com,Dubai Hills Office 405 Dubai Hills Estate Business Park Building 3 - Dubai - United Arab Emirates,2026-04-18 07:25:54,https://www.google.com/maps/place/Dream+Catcher+Homes+Real+Estate/data=!4m7!3m6!1s0x3e5f6b5690b57d2f:0xf155dd1d0fbd2b7a!8m2!3d25.1059795!4d55.240273!16s%2Fg%2F11g0h17llt!19sChIJL321kFZrXz4Reiu9Dx3dVfE?authuser=0&hl=en&rclk=1
HAUS 51 REAL ESTATE,Real estate agency,5.0,68,+971585152888,http://www.haus51.com/,info@haus51.com,Haus 51 Real Estate Brokerage City Walk Building 07 - Dubai - United Arab Emirates,2026-04-18 07:26:19,https://www.google.com/maps/place/HAUS+51+REAL+ESTATE/data=!4m7!3m6!1s0x3e5f43cf8035af25:0xa0b2d66689966ceb!8m2!3d25.2027601!4d55.2625142!16s%2Fg%2F11lgmwsx1d!19sChIJJa81gM9DXz4R62yWiWbWsqA?authuser=0&hl=en&rclk=1
Nexus Properties,Real estate consultant,4.9,156,+97145693670,https://nexusproperties.ae/,sarra@nexusproperties.ae,"Dubai Hills Estate, Park Heights Square 2 - Suite 404, 4th Floor - Hadaeq Sheikh Mohammed Bin Rashid - Dubai - United Arab Emirates",2026-04-18 07:26:27,https://www.google.com/maps/place/Nexus+Properties/data=!4m7!3m6!1s0x3e5f6bd5ca4fe1b1:0x23808623b48f4550!8m2!3d25.113998!4d55.2460369!16s%2Fg%2F11qsmsh47r!19sChIJseFPytVrXz4RUEWPtCOGgCM?authuser=0&hl=en&rclk=1
Homeland Realty Real Estate,Real estate agent,4.9,209,+971556610000,https://www.homeland.ae/,info@homeland.ae,"Building, The Iridium - Office 220 - Dubai - United Arab Emirates",2026-04-18 07:26:37,https://www.google.com/maps/place/Homeland+Realty+Real+Estate/data=!4m7!3m6!1s0x3e5f6b6a6e9372f7:0x43e1c9605a970a9f!8m2!3d25.1186798!4d55.2071932!16s%2Fg%2F11rn4hgpc7!19sChIJ93KTbmprXz4RnwqXWmDJ4UM?authuser=0&hl=en&rclk=1
Seven Century Real Estate Brokers L.L.C,Real estate agency,4.2,663,+97144520077,https://www.sevencentury.com/,N/A,Almanara Tower - 1607 16th floor - Marasi Dr - Business Bay - Dubai - United Arab Emirates,2026-04-18 07:26:46,https://www.google.com/maps/place/Seven+Century+Real+Estate+Brokers+L.L.C/data=!4m7!3m6!1s0x3e5f69d065aaaaab:0xfbf3c89b4a2ec29!8m2!3d25.1842595!4d55.2599912!16s%2Fg%2F1yfh_j2_m!19sChIJq6qqZdBpXz4RKeyitIk8vw8?authuser=0&hl=en&rclk=1
Vera Real Estate LLC,Real estate agency,4.8,70,+97145582006,https://verare.ae/,N/A,Clover Bay Tower - 401 Marasi Dr - Business Bay - Dubai - United Arab Emirates,2026-04-18 07:26:50,https://www.google.com/maps/place/Vera+Real+Estate+LLC/data=!4m7!3m6!1s0x3e5f69db412bc729:0xb79451995085abf5!8m2!3d25.188869!4d55.2696905!16s%2Fg%2F11h7fm7kpj!19sChIJKccrQdtpXz4R9auFUJlRlLc?authuser=0&hl=en&rclk=1
Aston Pearl Real Estate,Real estate agency,4.8,428,+97143928831,https://www.astonpearlre.com/,info@astonpearlre.com,"457Q+2H4 API, Trio Office Tower - 1401 - Al Barsha 1 - Al Barsha First - Al Barsha - Dubai - United Arab Emirates",2026-04-18 07:27:02,https://www.google.com/maps/place/Aston+Pearl+Real+Estate/data=!4m7!3m6!1s0x3e5f6bbd608c550f:0x6c07b528b7a50bce!8m2!3d25.1125625!4d55.1889375!16s%2Fg%2F1tfr_jzm!19sChIJD1WMYL1rXz4Rzgultyi1B2w?authuser=0&hl=en&rclk=1
JLL Dubai Real Estate,Real estate agency,4.2,71,+97144266999,https://www.jll.com/en-ae/locations/dubai,james.allan@jll.com,"ICD Brookfield Place, Dubai International Financial Centre (DIFC Unit 1, Level 13 - Dubai - United Arab Emirates",2026-04-18 07:27:09,https://www.google.com/maps/place/JLL+Dubai+Real+Estate/data=!4m7!3m6!1s0x3e5f4280d479e4ed:0x4ce8b51a295abab!8m2!3d25.2116172!4d55.2802778!16s%2Fg%2F1tdzv5s7!19sChIJ7eR51IBCXz4Rq6uVolGLzgQ?authuser=0&hl=en&rclk=1
Al Mirath Real Estates,Real estate agency,4.7,173,+97145469777,http://www.almirath.ae/,info@almirath.ae,"Unit 228, Matloob Building, B Block - Sheikh Zayed Rd - Al Safa 1 - Dubai - United Arab Emirates",2026-04-18 07:27:17,https://www.google.com/maps/place/Al+Mirath+Real+Estates/data=!4m7!3m6!1s0x3e5f6951b361d377:0xe4b16e39f3a84ddc!8m2!3d25.1777444!4d55.2457985!16s%2Fg%2F11k7wy7qps!19sChIJd9Nhs1FpXz4R3E2o8zluseQ?authuser=0&hl=en&rclk=1
Alba Homes - Real Estate Agency Dubai,Real estate agent,4.5,44,+971588107254,https://alba.homes/,N/A,Al Fattan Business Hub - 2nd Floor - Marsa Dubai - Dubai Marina - Dubai - United Arab Emirates,2026-04-18 07:27:22,https://www.google.com/maps/place/Alba+Homes+-+Real+Estate+Agency+Dubai/data=!4m7!3m6!1s0x3e5f6b3226e62805:0xa61c9e460d51f315!8m2!3d25.0789746!4d55.1368462!16s%2Fg%2F11trv7t2w0!19sChIJBSjmJjJrXz4RFfNRDUaeHKY?authuser=0&hl=en&rclk=1
Coral Shore Real Estate Brokers - Dubai Branch,Real estate agency,4.0,24,+97143885866,http://coralshoredubai.com/,web@coralshoredubai.com,"Al Qouz Commercial Bldg (Sheikh Hamdan Bldg), Exit 43 Sheikh Zayed Road، Near Noor Bank Metro Station - Dubai - Dubai - United Arab Emirates",2026-04-18 07:27:31,https://www.google.com/maps/place/Coral+Shore+Real+Estate+Brokers+-+Dubai+Branch/data=!4m7!3m6!1s0x3e5f6b7754795d4f:0x447ac3b28f5fd7e1!8m2!3d25.149838!4d55.2263182!16s%2Fg%2F11xcwpnjs!19sChIJT115VHdrXz4R4ddfj7LDekQ?authuser=0&hl=en&rclk=1
Real Choice Real Estate Brokers LLC,Real estate agency,4.7,143,+97143588070,https://www.realchoicedubai.com/,N/A,API World Tower - Office number 401 - Sheikh Zayed Rd - Trade Center First - Dubai - United Arab Emirates,2026-04-18 07:27:42,https://www.google.com/maps/place/Real+Choice+Real+Estate+Brokers+LLC/data=!4m7!3m6!1s0x3e5f694766a9b6d3:0x7696d996f93ee94e!8m2!3d25.2252379!4d55.2837327!16s%2Fg%2F11lk1db9_p!19sChIJ07apZkdpXz4RTuk--ZbZlnY?authuser=0&hl=en&rclk=1
THE CAPITAL Dubai,Real estate agency,4.6,21,+97146086560,https://thecapitaldubai.com/,N/A,"Concord Tower, Media City, office 2201-04 - Dubai - United Arab Emirates",2026-04-18 07:28:14,https://www.google.com/maps/place/THE+CAPITAL+Dubai/data=!4m7!3m6!1s0x3e5f6b77693b79a3:0x768558dcde660c42!8m2!3d25.0978143!4d55.1561949!16s%2Fg%2F11ssv9kl7t!19sChIJo3k7aXdrXz4RQgxm3txYhXY?authuser=0&hl=en&rclk=1
Tribeca Real Estate LLC,Real estate agency,4.8,44,+971552271845,http://www.tribecadubai.com/,info@tribecadubai.com,"Address Dubai Mall Office 406, Level M - Dubai - United Arab Emirates",2026-04-18 07:28:21,https://www.google.com/maps/place/Tribeca+Real+Estate+LLC/data=!4m7!3m6!1s0x3e5f69ac6fe0c29d:0x794cb3663a149970!8m2!3d25.1945775!4d55.2817153!16s%2Fg%2F11j1cr1d_n!19sChIJncLgb6xpXz4RcJkUOmazTHk?authuser=0&hl=en&rclk=1
K Estates Dubai,Real estate agent,4.9,88,+97145299724,N/A,N/A,"Dubai Hills, Park Heights Square 1 Office 402 - Dubai - United Arab Emirates",2026-04-18 07:28:34,https://www.google.com/maps/place/K+Estates+Dubai/data=!4m7!3m6!1s0x3e5f6990c17d4225:0x5cba7a0328f29747!8m2!3d25.1141923!4d55.2462823!16s%2Fg%2F11svbr2y50!19sChIJJUJ9wZBpXz4RR5fyKAN6ulw?authuser=0&hl=en&rclk=1
Binayah Properties LLC,Real estate agent,4.4,148,+97142438479,https://www.binayah.com/,info@binayah.com,Liberty Building - Mezzanine Floor - 749 Sheikh Zayed Rd - Al Qouz Ind.third - Al Quoz - Dubai - United Arab Emirates,2026-04-18 07:28:47,https://www.google.com/maps/place/Binayah+Properties+LLC/data=!4m7!3m6!1s0x3e5f6b7af14700cf:0x9866fd60b4ad99ed!8m2!3d25.1279886!4d55.210204!16s%2Fg%2F1hc1026lk!19sChIJzwBH8XprXz4R7ZmttGD9Zpg?authuser=0&hl=en&rclk=1
DRE (Homes Real Estate),Real estate agent,4.5,651,+97180037373,http://www.drehomes.com/,sales@drehomes.com,Park Heights Square 2 Offices 401-402-405-406 - Dubai - United Arab Emirates,2026-04-18 07:29:35,https://www.google.com/maps/place/DRE+%28Homes+Real+Estate%29/data=!4m7!3m6!1s0x3e5f69d069d937b1:0xe9a4d6fc4b56d9a0!8m2!3d25.1133943!4d55.245715!16s%2Fg%2F1pv6y0q3z!19sChIJsTfZadBpXz4RoNlWS_zWpOk?authuser=0&hl=en&rclk=1
MHM Real Estate,Real estate agency,4.7,320,N/A,http://www.mhmrealestate.com/,leads@mhmrealestate.com,"Office 106, Bldg. No 6 - Business Bay - Bay Square - Dubai - United Arab Emirates",2026-04-18 07:30:14,https://www.google.com/maps/place/MHM+Real+Estate/data=!4m7!3m6!1s0x3e5f6beabf4b9963:0xc69ae59ff5fca3fa!8m2!3d25.1861651!4d55.2806346!16s%2Fg%2F11bbwmvdcl!19sChIJY5lLv-prXz4R-qP89Z_lmsY?authuser=0&hl=en&rclk=1
D&B Properties,Real estate agency,4.9,3507,+97148719200,https://dandbdubai.com/,inquiry@dandbdubai.com,Blue Bay Tower - 13th floor - Business Bay - Dubai - United Arab Emirates,2026-04-18 07:30:41,https://www.google.com/maps/place/D%26B+Properties/data=!4m7!3m6!1s0x3e5f683a8643b801:0xc1b89a885822742b!8m2!3d25.1876338!4d55.2705553!16s%2Fg%2F11cjht6b06!19sChIJAbhDhjpoXz4RK3QiWIiauME?authuser=0&hl=en&rclk=1
ELITE Property Brokerage,Real estate agent,4.9,333,+97147701087,https://www.elitepropertydxb.com/,N/A,Onyx Tower - 1 Sheikh Zayed Rd - Al Thanyah Third - Dubai - United Arab Emirates,2026-04-18 07:31:07,https://www.google.com/maps/place/ELITE+Property+Brokerage/data=!4m7!3m6!1s0x3e5f6bdc0f315f71:0x28863a4e513c4b72!8m2!3d25.0972499!4d55.1684768!16s%2Fg%2F11n8wk9b5r!19sChIJcV8xD9xrXz4Rcks8UU46hig?authuser=0&hl=en&rclk=1
Superiority Real Estate,Real estate agency,4.4,149,N/A,http://superdxb.com/,Info@superdxb.com,Dubai - Tecom - Sheikha Noora Tower - Dubai - United Arab Emirates,2026-04-18 07:31:27,https://www.google.com/maps/place/Superiority+Real+Estate/data=!4m7!3m6!1s0x3e5f6b77557b540f:0x89b66ea821f9a251!8m2!3d25.0983641!4d55.1766357!16s%2Fg%2F11bv38cszm!19sChIJD1R7VXdrXz4RUaL5Iahutok?authuser=0&hl=en&rclk=1
Unique Zone Real Estate - Property for Rent and Sale in Dubai,Real estate agency,4.6,57,+971552697381,https://uniquezone.realestate/,N/A,"Al Bedaia Building, Bedaia Building - OFFICE 203 - Al Barsha First - Al Barsha - Dubai - United Arab Emirates",2026-04-18 07:31:43,https://www.google.com/maps/place/Unique+Zone+Real+Estate+-+Property+for+Rent+and+Sale+in+Dubai/data=!4m7!3m6!1s0x3e5f6bd458ac40f1:0x29ebce329717baad!8m2!3d25.113632!4d55.204475!16s%2Fg%2F11pzn4hxy7!19sChIJ8UCsWNRrXz4RrboXlzLO6yk?authuser=0&hl=en&rclk=1
Think Realty,Real estate agency,4.8,180,+97145686653,https://thinkrealty.ae/,info@thinkrealty.ae,Al Zarouni Business Center - 504 Sheikh Zayed Rd - Al Barsha First - Al Barsha - Dubai - United Arab Emirates,2026-04-18 07:31:50,https://www.google.com/maps/place/Think+Realty/data=!4m7!3m6!1s0x3e5f69abe1f3976f:0xe371c61590fb197a!8m2!3d25.1093207!4d55.1837691!16s%2Fg%2F11q_3b58bw!19sChIJb5fz4atpXz4Rehn7kBXGceM?authuser=0&hl=en&rclk=1
Expert Homes Real Estate,Real estate agent,4.7,157,+971567252381,http://www.expert-homes.com/,info@expert-homes.com,Aspect Tower - 2104 - Business Bay - Dubai - United Arab Emirates,2026-04-18 07:32:01,https://www.google.com/maps/place/Expert+Homes+Real+Estate/data=!4m7!3m6!1s0x3e5f698404d2a6b3:0xf68165c7852e144b!8m2!3d25.1920788!4d55.2663564!16s%2Fg%2F11h76mb7xj!19sChIJs6bSBIRpXz4RSxQuhcdlgfY?authuser=0&hl=en&rclk=1
A1 Properties,Real estate agency,4.5,178,+97180021776789,https://a1properties.ae/,info@a1properties.ae,Fairmont Dubai - Office 1703 - Sheikh Zayed Rd - Trade Center First - Dubai - United Arab Emirates,2026-04-18 07:32:08,https://www.google.com/maps/place/A1+Properties/data=!4m7!3m6!1s0x3e5f42ed85069e5f:0x9cb481539735cbb!8m2!3d25.2265298!4d55.2842343!16s%2Fg%2F11bbwn109q!19sChIJX54Ghe1CXz4Ru1xzORVIywk?authuser=0&hl=en&rclk=1
Amber Homes Real Estate,Real estate agency,4.5,68,+97143684497,https://amberhomes.ae/,N/A,"Tower, Al Saqr Business Tower - 2102 Sheikh Zayed Rd - Trade Center First - Dubai - United Arab Emirates",2026-04-18 07:32:14,https://www.google.com/maps/place/Amber+Homes+Real+Estate/data=!4m7!3m6!1s0x3e5f69564f8f364d:0x683fbd69adae0ebe!8m2!3d25.2299147!4d55.2864201!16s%2Fg%2F11fskhkktd!19sChIJTTaPT1ZpXz4Rvg6urWm9P2g?authuser=0&hl=en&rclk=1
Seven Skys Real Estate Dubai,Real estate agency,4.4,44,+97144231104,https://sevenskys.ae/,info@sevenskys.ae,Clover Bay Tower - 6a Marasi Dr - Business Bay - Dubai - United Arab Emirates,2026-04-18 07:32:20,https://www.google.com/maps/place/Seven+Skys+Real+Estate+Dubai/data=!4m7!3m6!1s0x3e5f69d34ea4913f:0x6dcf01b9a5a0509d!8m2!3d25.188858!4d55.2696918!16s%2Fg%2F11f0kw2x7y!19sChIJP5GkTtNpXz4RnVCgpbkBz20?authuser=0&hl=en&rclk=1
Magus Real Estate Brokers LLC,Real estate agency,4.9,49,+97143039700,https://magusproperties.ae/,N/A,Standard Chartered Tower - Emaar Square - Downtown Office 6C - Dubai - United Arab Emirates,2026-04-18 07:32:35,https://www.google.com/maps/place/Magus+Real+Estate+Brokers+LLC/data=!4m7!3m6!1s0x3e5f5db37bd1923b:0x277e9d6b23df46da!8m2!3d25.2023279!4d55.2726896!16s%2Fg%2F11h09q1k55!19sChIJO5LRe7NdXz4R2kbfI2udfic?authuser=0&hl=en&rclk=1
SAMS Real Estate Brokerage,Real estate agency,4.7,69,+97145578812,https://sams.ae/,info@sams.ae,Single Business Tower - 3806 B Sheikh Zayed Rd - Business Bay - Dubai - United Arab Emirates,2026-04-18 07:32:44,https://www.google.com/maps/place/SAMS+Real+Estate+Brokerage/data=!4m7!3m6!1s0x3e5f69b7830f8855:0xc8e1e9056804cdd7!8m2!3d25.1881478!4d55.2583098!16s%2Fg%2F11hdqwr82s!19sChIJVYgPg7dpXz4R180EaAXp4cg?authuser=0&hl=en&rclk=1
Seven Luxury Real Estate,Real estate agent,4.2,25,+97144217770,https://sevenluxuryrealestate.com/home-2/,info@sevenluxuryrealestate.com,Boulevard Plaza Tower 1 Office 2003 - Dubai - United Arab Emirates,2026-04-18 07:32:52,https://www.google.com/maps/place/Seven+Luxury+Real+Estate/data=!4m7!3m6!1s0x3e5f6b80f359ae43:0xe26958c764adf02f!8m2!3d25.2000893!4d55.2751323!16s%2Fg%2F11qb3q_8xs!19sChIJQ65Z84BrXz4RL_CtZMdYaeI?authuser=0&hl=en&rclk=1
Luxfolio Real Estate,Real estate agency,4.6,385,+97143356007,https://luxfoliorealestate.ae/,info@luxfoliorealestate.ae,"G-024, Building 5 Gold & Diamond Park - Dubai - United Arab Emirates",2026-04-18 07:32:58,https://www.google.com/maps/place/Luxfolio+Real+Estate/data=!4m7!3m6!1s0x3e5f6b2a9dc7419f:0xebb317e10000437c!8m2!3d25.1261408!4d55.2084718!16s%2Fg%2F11fpjywzm3!19sChIJn0HHnSprXz4RfEMAAOEXs-s?authuser=0&hl=en&rclk=1
Alexander Kaminsky Real Estate,Real estate agency,5.0,128,+971556621503,http://atomic.ae/,Alinawaz29@gmail.com,Dubai Marina Mall - Al Marsa St - Dubai - United Arab Emirates,2026-04-18 07:33:09,https://www.google.com/maps/place/Alexander+Kaminsky+Real+Estate/data=!4m7!3m6!1s0x3e5f6d69bc02b369:0xf80e8db4e5b749f5!8m2!3d25.07748!4d55.1387968!16s%2Fg%2F11ry2x5s0p!19sChIJabMCvGltXz4R9Um35bSNDvg?authuser=0&hl=en&rclk=1
"Stone House Real Estate, Dubai",Real estate agent,4.2,37,+971568438666,http://www.shre.ae/,info@shre.ae,"Tower, The Citadel - 1110 - Business Bay - Dubai - United Arab Emirates",2026-04-18 07:33:20,"https://www.google.com/maps/place/Stone+House+Real+Estate,+Dubai/data=!4m7!3m6!1s0x3e5f6bbd5dfb8041:0x6f3318d2ec1591e3!8m2!3d25.1838722!4d55.2608536!16s%2Fg%2F11c53qyqyl!19sChIJQYD7Xb1rXz4R45EV7NIYM28?authuser=0&hl=en&rclk=1"
Fair Worth Real Estate Brokers,Commercial real estate agency,4.1,39,+971502516838,https://fairworthrealestate.com/,info@fairworthrealestate.com,P-17 - Warsan First - France Cluster - Dubai - United Arab Emirates,2026-04-18 07:33:32,https://www.google.com/maps/place/Fair+Worth+Real+Estate+Brokers/data=!4m7!3m6!1s0x3e5f614d3e1892d5:0x7449eb8e37db0c3d!8m2!3d25.1601768!4d55.4041683!16s%2Fg%2F11bxjdfw7m!19sChIJ1ZIYPk1hXz4RPQzbN47rSXQ?authuser=0&hl=en&rclk=1
KAYE & CO REAL ESTATE L.L.C.,Real estate agency,4.7,143,+97145830001,http://www.kayeandco.ae/,info@kayeandco.ae,Burlington Tower - 2410 - Business Bay - Dubai - United Arab Emirates,2026-04-18 07:33:49,https://www.google.com/maps/place/KAYE+%26+CO+REAL+ESTATE+L.L.C./data=!4m7!3m6!1s0x3e5f69cdeba28e23:0xfbd9d0776d4ff574!8m2!3d25.181567!4d55.27151!16s%2Fg%2F11h5ktbmt3!19sChIJI46i681pXz4RdPVPbXfQ2fs?authuser=0&hl=en&rclk=1
EverNest Real Estate L.LC,Real estate agency,4.7,148,+97145843555,https://www.evernestre.ae/,N/A,"Opus Tower A - Office No 204, 2nd Floor - Business Bay - Dubai - United Arab Emirates",2026-04-18 07:34:19,https://www.google.com/maps/place/EverNest+Real+Estate+L.LC/data=!4m7!3m6!1s0x3e5f6b41309da0a7:0x9ab3fc61c1d4caf5!8m2!3d25.1887222!4d55.2666495!16s%2Fg%2F11hnml37pc!19sChIJp6CdMEFrXz4R9crUwWH8s5o?authuser=0&hl=en&rclk=1
Primo Capital Real Estate,Real estate agency,4.8,147,+97142803528,https://primocapital.ae/,info@primocapital.ae,"Building 1, Office #103 - Business Bay - Bay Square - Dubai - United Arab Emirates",2026-04-18 07:34:32,https://www.google.com/maps/place/Primo+Capital+Real+Estate/data=!4m7!3m6!1s0x3e5f69637b72b46d:0xf88a985e7b5cdc02!8m2!3d25.1853974!4d55.2791731!16s%2Fg%2F11smztz_tn!19sChIJbbRye2NpXz4RAtxce16Yivg?authuser=0&hl=en&rclk=1
Wikihomes Real Estate Brokers LLC,Real estate agency,4.8,153,+97145125713,http://www.wiki-homes.com/,N/A,"Business Bay, Al A'amal St Iris Bay Tower, 7th Floor, 701 - Dubai - United Arab Emirates",2026-04-18 07:35:32,https://www.google.com/maps/place/Wikihomes+Real+Estate+Brokers+LLC/data=!4m7!3m6!1s0x3e5f69fafc8aa75b:0x91b2cb040cee1bfa!8m2!3d25.1859019!4d55.2602652!16s%2Fg%2F11hmglct66!19sChIJW6eK_PppXz4R-hvuDATLspE?authuser=0&hl=en&rclk=1
Luxury Homes Real Estate,Real estate consultant,4.5,53,+97145807446,http://luxuryhomesrealestate.ae/,info@luxuryhomesrealestate.ae,Business Bay - Bay Square - Dubai - United Arab Emirates,2026-04-18 07:35:45,https://www.google.com/maps/place/Luxury+Homes+Real+Estate/data=!4m7!3m6!1s0x3e5f6bcb6049e687:0xe8277e8b408f4fad!8m2!3d25.1854241!4d55.2801414!16s%2Fg%2F11smnxjsqd!19sChIJh-ZJYMtrXz4RrU-PQIt-J-g?authuser=0&hl=en&rclk=1
99 Real Estate Brokers LLC,Real estate agent,4.9,37,+971800289,http://www.99realestate.ae/,info@99realestate.ae,Marina View Tower - Shop # 5 - Dubai Marina - Dubai - United Arab Emirates,2026-04-18 07:36:00,https://www.google.com/maps/place/99+Real+Estate+Brokers+LLC/data=!4m7!3m6!1s0x3e5f6b5653fbedb7:0x66d873a23bdddb1b!8m2!3d25.0789718!4d55.1425964!16s%2Fg%2F1tf5c6jt!19sChIJt-37U1ZrXz4RG9vdO6Jz2GY?authuser=0&hl=en&rclk=1
Driven Properties LLC - HQ,Real estate agency,4.5,1392,+97142454800,https://www.drivenproperties.com/,info@drivenproperties.com,Emaar Square Building #3 - 1st Floor - Burj Khalifa - Downtown Dubai - Dubai - United Arab Emirates,2026-04-18 07:36:07,https://www.google.com/maps/place/Driven+Properties+LLC+-+HQ/data=!4m7!3m6!1s0x3e5f6830763235e1:0xf76fc2259db91cc6!8m2!3d25.2002439!4d55.2717221!16s%2Fg%2F11ckgl42wm!19sChIJ4TUydjBoXz4Rxhy5nSXCb_c?authuser=0&hl=en&rclk=1
Valor Real Estate,Real estate agent,4.9,51,+97147181421,https://www.valorealestate.com/,info@valorealestate.com,"Office 517, Sultan Business Center ( Next to Lamcy Plaza - Oud Metha - Dubai - United Arab Emirates",2026-04-18 07:36:19,https://www.google.com/maps/place/Valor+Real+Estate/data=!4m7!3m6!1s0x3e5f696bbceb6f8b:0x84223f3efa16b0b7!8m2!3d25.2335557!4d55.308712!16s%2Fg%2F11gtd4qsrq!19sChIJi2_rvGtpXz4Rt7AW-j4_IoQ?authuser=0&hl=en&rclk=1
betterhomes - Dubai (Head Office),Real estate agency,4.3,931,+971600522233,https://www.bhomes.com/,info@bhomes.com,42nd - Business Bay - Dubai - United Arab Emirates,2026-04-18 07:36:26,https://www.google.com/maps/place/betterhomes+-+Dubai+%28Head+Office%29/data=!4m7!3m6!1s0x3e5f69d6b351cde3:0xf42f91bf48b49998!8m2!3d25.1885!4d55.2636133!16s%2Fg%2F11b6ht3vqr!19sChIJ481Rs9ZpXz4RmJm0SL-RL_Q?authuser=0&hl=en&rclk=1
Imperial Homes Real Estate Brokers,Real estate agency,4.7,58,+97144274076,http://www.imperialhomesdubai.com/,N/A,The Metropolis Tower - Suite 1713 - Business Bay - Dubai - United Arab Emirates,2026-04-18 07:36:30,https://www.google.com/maps/place/Imperial+Homes+Real+Estate+Brokers/data=!4m7!3m6!1s0x3e5f6834c1240e1b:0x301b32184063535!8m2!3d25.1849235!4d55.2769027!16s%2Fg%2F11c1tt8lm4!19sChIJGw4kwTRoXz4RNTUGhCGzAQM?authuser=0&hl=en&rclk=1
OBG Real Estate Broker in Dubai,Real estate agency,4.1,99,+97145825999,https://www.obg.ae/?utm_source=googlelocalmaps&utm_medium=gbp,N/A,"16th Floor, Al Habtoor Business Tower - Dubai Marina - Dubai - United Arab Emirates",2026-04-18 07:36:39,https://www.google.com/maps/place/OBG+Real+Estate+Broker+in+Dubai/data=!4m7!3m6!1s0x3e5f6caafcffffff:0x5e590a0b26472275!8m2!3d25.0856289!4d55.1414963!16s%2Fg%2F11gdtgf74x!19sChIJ_____KpsXz4RdSJHJgsKWV4?authuser=0&hl=en&rclk=1
LuxuryProperty.com,Real estate agency,4.7,331,+97145635900,https://www.luxuryproperty.com/,hello@luxuryproperty.com,"Building 2, Office #204 - Business Bay - Bay Square - Dubai - United Arab Emirates",2026-04-18 07:37:02,https://www.google.com/maps/place/LuxuryProperty.com/data=!4m7!3m6!1s0x3e5f6830617aef6d:0x1addad5044266525!8m2!3d25.1853051!4d55.2792773!16s%2Fg%2F11f10dzqnm!19sChIJbe96YTBoXz4RJWUmRFCt3Ro?authuser=0&hl=en&rclk=1
Trillium Real Estate Dubai,Real estate consultant,4.9,41,+971564444105,https://trillium.ae/,info@trillium.ae,Palm Strip Mall - Jumeirah - Jumeirah 1 - Dubai - United Arab Emirates,2026-04-18 07:37:12,https://www.google.com/maps/place/Trillium+Real+Estate+Dubai/data=!4m7!3m6!1s0x1904f4e8e7ab861:0x5d4c2c74da26d76!8m2!3d25.2340729!4d55.2644426!16s%2Fg%2F11kqdsqq8q!19sChIJYbh6jk5PkAERdm2iTcfC1AU?authuser=0&hl=en&rclk=1
Kore Real Estate,Real estate agent,5.0,187,+97145852863,http://koredubai.com/,info@koredubai.com,25HJ+4C6 Dania 2 - Midtown - S-07 - Me'aisem First - Dubai Production City - Dubai - United Arab Emirates,2026-04-18 07:37:23,https://www.google.com/maps/place/Kore+Real+Estate/data=!4m7!3m6!1s0x3e5f6fa5c9f1e801:0x5382013ad1959483!8m2!3d25.0277598!4d55.1811873!16s%2Fg%2F11rsh2shsf!19sChIJAejxyaVvXz4Rg5SV0ToBglM?authuser=0&hl=en&rclk=1
Square Yards - Dubai,Real estate agent,3.8,1377,+971543062591,http://www.squareyards.ae/,connect@squareyards.com,"Office No. 2501, 25th Floor - Sheikh Zayed Rd - Barsha Heights - Dubai - United Arab Emirates",2026-04-18 07:37:42,https://www.google.com/maps/place/Square+Yards+-+Dubai/data=!4m7!3m6!1s0x3e5f6b7083155555:0xf7f569164d2ae730!8m2!3d25.1015541!4d55.1738009!16s%2Fg%2F11b8658jfb!19sChIJVVUVg3BrXz4RMOcqTRZp9fc?authuser=0&hl=en&rclk=1
AKT Real Estate DUBAI,Real estate agency,4.4,37,+971505184986,http://www.aktrealestate.ae/,info@aktrealestate.ae,Marasi Dr - Business Bay - Bay Square - Dubai - United Arab Emirates,2026-04-18 07:37:52,https://www.google.com/maps/place/AKT+Real+Estate+DUBAI/data=!4m7!3m6!1s0x3e5f69d227c3d843:0x656623a5abb38fae!8m2!3d25.1858881!4d55.2817942!16s%2Fg%2F11cnb56jtz!19sChIJQ9jDJ9JpXz4Rro-zq6UjZmU?authuser=0&hl=en&rclk=1
Properties Exchange Real Estate,Real estate agency,4.8,99,+97143303114,https://www.pedxb.com/,info@pedxb.com,"Damac Executive Heights - Office 1107, 1601, 1704 - Barsha Heights - Dubai - United Arab Emirates",2026-04-18 07:38:03,https://www.google.com/maps/place/Properties+Exchange+Real+Estate/data=!4m7!3m6!1s0x3e5f6bc333bd77b7:0xc216dfce1857c709!8m2!3d25.0952904!4d55.1728556!16s%2Fg%2F11vx3b8z48!19sChIJt3e9M8NrXz4RCcdXGM7fFsI?authuser=0&hl=en&rclk=1
Paradise Oasis Real Estate Brokers,Real estate agency,4.7,143,+97144508298,http://www.poreb.com/,N/A,Aspect Tower - 1002 - Dubai - United Arab Emirates,2026-04-18 07:38:37,https://www.google.com/maps/place/Paradise+Oasis+Real+Estate+Brokers/data=!4m7!3m6!1s0x3e5f69d5b3fcffff:0x92844c9217b8edf6!8m2!3d25.1921656!4d55.2662921!16s%2Fg%2F11bw41gfcp!19sChIJ___8s9VpXz4R9u24F5JMhJI?authuser=0&hl=en&rclk=1
YP - Your Place Real Estate,Real estate agent,3.6,88,+97143682168,https://yourplace.ae/,info@yourplace.ae,Empire Heights Tower B - Office 06 - Level 10 - Dubai - United Arab Emirates,2026-04-18 07:38:48,https://www.google.com/maps/place/YP+-+Your+Place+Real+Estate/data=!4m7!3m6!1s0x3e5f133ab5e1a50f:0x2937189f92ee2e58!8m2!3d25.1918792!4d55.2844745!16s%2Fg%2F11f6dmn0p5!19sChIJD6XhtToTXz4RWC7ukp8YNyk?authuser=0&hl=en&rclk=1
Pin Homes Real Estate LLC,Property investment company,4.9,71,+971585293432,https://pinhomes.ae/,admin@pinhomes.ae,Al Ameri Tower - Office Number 2208 - Al Thanyah First - Barsha Heights - Dubai - United Arab Emirates,2026-04-18 07:39:03,https://www.google.com/maps/place/Pin+Homes+Real+Estate+LLC/data=!4m7!3m6!1s0x3e5f6b4bcf437cc3:0xd565a2e3b2673cca!8m2!3d25.1031651!4d55.1763096!16s%2Fg%2F11p6bt4_53!19sChIJw3xDz0trXz4RyjxnsuOiZdU?authuser=0&hl=en&rclk=1
BRD International Real Estate LLC (Luxury Dubai Homes),Real estate agent,5.0,26,+971505342719,https://www.brdrealestate.com/,N/A,A A Tower - 5704 - 57th Floor Sheikh Zayed Rd - Trade Center First - Dubai - United Arab Emirates,2026-04-18 07:39:11,https://www.google.com/maps/place/BRD+International+Real+Estate+LLC+%28Luxury+Dubai+Homes%29/data=!4m7!3m6!1s0x3e5f436be1edefb7:0x482d2f0de6b966b7!8m2!3d25.2100667!4d55.2733426!16s%2Fg%2F11sbspvrl5!19sChIJt-_t4WtDXz4Rt2a55g0vLUg?authuser=0&hl=en&rclk=1
Aventa Real Estate LLC,Real estate agency,5.0,46,+971581680468,http://www.aventarealestate.com/,N/A,2106B - Dubai Internet City - Dubai - United Arab Emirates,2026-04-18 07:39:16,https://www.google.com/maps/place/Aventa+Real+Estate+LLC/data=!4m7!3m6!1s0x3e5f6b71a5e4ac45:0x3b8c106134292050!8m2!3d25.1004487!4d55.1694916!16s%2Fg%2F11vchjffzl!19sChIJRazkpXFrXz4RUCApNGEQjDs?authuser=0&hl=en&rclk=1
Deja Vu Real Estate,Real estate agency,4.3,184,+971542799723,https://dejavuproperties.com/,info@dejavuproperties.com,"Building, Hassanicor - 305 - Al Barsha First - Al Barsha - Dubai - United Arab Emirates",2026-04-18 07:39:29,https://www.google.com/maps/place/Deja+Vu+Real+Estate/data=!4m7!3m6!1s0x3e5f6bbcd45e6d47:0x6219206a3edb1c59!8m2!3d25.1155001!4d55.1928698!16s%2Fg%2F11bbwqr47b!19sChIJR21e1LxrXz4RWRzbPmogGWI?authuser=0&hl=en&rclk=1
GxLloyd - Dubai Immobilien,Real estate agency,4.8,45,+971563946059,https://gxlloyd.com/,N/A,Boulevard Plaza Tower 1 - 903 - Dubai - United Arab Emirates,2026-04-18 07:39:42,https://www.google.com/maps/place/GxLloyd+-+Dubai+Immobilien/data=!4m7!3m6!1s0x3e5f699d73e9ec3b:0x92c2d39371bd802e!8m2!3d25.2001851!4d55.2748842!16s%2Fg%2F11lb9y8y1d!19sChIJO-zpc51pXz4RLoC9cZPTwpI?authuser=0&hl=en&rclk=1
Abode Property,Real estate agency,4.6,67,+97148812777,http://www.abodeproperty.ae/,N/A,Al Emreef St - Marsa Dubai - Dubai Marina - Dubai - United Arab Emirates,2026-04-18 07:39:50,https://www.google.com/maps/place/Abode+Property/data=!4m7!3m6!1s0x3e5f6b43d5d9955b:0xc17f70646a79b63e!8m2!3d25.0853581!4d55.143665!16s%2Fg%2F1q6bbjrhh!19sChIJW5XZ1UNrXz4RPrZ5amRwf8E?authuser=0&hl=en&rclk=1
Loam Real Estate - Best Real Estate Agency in Dubai,Real estate consultant,4.4,60,+97145762722,http://www.loamrealestate.com/,info@loamrealestate.com,"Metro Exit No:2 - 88 Sheikh Zayed Rd -Trade center- Trade Centre 1 - Dubai Al Hawai Tower,First Floor - Office No:105 - Financial Ctr St - Dubai - United Arab Emirates",2026-04-18 07:39:57,https://www.google.com/maps/place/Loam+Real+Estate+-+Best+Real+Estate+Agency+in+Dubai/data=!4m7!3m6!1s0x3e5f69a0f1de714d:0x1d2d8a1051812293!8m2!3d25.2119497!4d55.2747508!16s%2Fg%2F11khf3v7yn!19sChIJTXHe8aBpXz4RkyKBURCKLR0?authuser=0&hl=en&rclk=1
ARK Real Estate Dubai,Real estate agent,4.8,42,+971586278678,https://arkrealestatedubai.com/,info@arkrealestatedubai.com,Metha Plaza Building B 313 - Oud Metha - Dubai - United Arab Emirates,2026-04-18 07:40:13,https://www.google.com/maps/place/ARK+Real+Estate+Dubai/data=!4m7!3m6!1s0x3e5f69a19e8aeb0f:0x7b64ad82387d10d1!8m2!3d25.2317985!4d55.313528!16s%2Fg%2F11rhwfyhvl!19sChIJD-uKnqFpXz4R0RB9OIKtZHs?authuser=0&hl=en&rclk=1
Sacred Lands Group | Real estate investment in India | Buy Property in India From Dubai,Real estate consultant,4.8,33,+971523652776,http://sacredlands.co/,info@sacredlands.co,"Convention Tower, Dubai World Trade Centre - Office No. 17,3rd Floor - Sheikh Zayed Rd - Trade Center Second - Dubai - United Arab Emirates",2026-04-18 07:40:28,https://www.google.com/maps/place/Sacred+Lands+Group+%7C+Real+estate+investment+in+India+%7C+Buy+Property+in+India+From+Dubai/data=!4m7!3m6!1s0x3e5f431f2caaeaaf:0x4e6f9e9d6c6e419c!8m2!3d25.2235176!4d55.2878144!16s%2Fg%2F11t2m57t7q!19sChIJr-qqLB9DXz4RnEFubJ2eb04?authuser=0&hl=en&rclk=1
Bab Alwaha Real Estate - Real Estate Agent Dubai,Real estate agency,4.1,75,+971528883144,http://www.babalwaha.estate/,N/A,Apricot Tower Office 811-4 - Dubai - United Arab Emirates,2026-04-18 07:40:37,https://www.google.com/maps/place/Bab+Alwaha+Real+Estate+-+Real+Estate+Agent+Dubai/data=!4m7!3m6!1s0x3e5f65c427ef9b37:0x10f82d95e1deddf4!8m2!3d25.1118664!4d55.3842663!16s%2Fg%2F11ptm8m9vc!19sChIJN5vvJ8RlXz4R9N3e4ZUt-BA?authuser=0&hl=en&rclk=1
Shababeek Real Estate,Real estate consultant,4.9,92,+971555592484,https://shababeekdubai.com/,info@shababeekdubai.com,DAMAC XL Tower - Business Bay - Dubai - UAE - 17th Floor - Office 1701 - Dubai - United Arab Emirates,2026-04-18 07:41:03,https://www.google.com/maps/place/Shababeek+Real+Estate/data=!4m7!3m6!1s0x3e5f6950af831271:0xc590b45d00dc86f0!8m2!3d25.1805435!4d55.26776!16s%2Fg%2F11h1kwctyq!19sChIJcRKDr1BpXz4R8IbcAF20kMU?authuser=0&hl=en&rclk=1
DNL Properties - Sales Boutique,Real estate agent,4.9,73,+97145833365,http://www.dnlproperties.com/,manish@dnl.ae,Building 8 - Retail G07 - Business Bay - Bay Square - Dubai - United Arab Emirates,2026-04-18 07:41:18,https://www.google.com/maps/place/DNL+Properties+-+Sales+Boutique/data=!4m7!3m6!1s0x3e5f693c97e83679:0xb2c123681779ef29!8m2!3d25.1843953!4d55.2796835!16s%2Fg%2F11fcr0byl8!19sChIJeTbolzxpXz4RKe95F2gjwbI?authuser=0&hl=en&rclk=1
Houzon Real Estate,Real estate agency,4.9,217,+97144523345,https://houzon.com/,john@doe.com,"Office 802, The Exchange Tower - Al Mustaqbal St - Business Bay - Dubai - United Arab Emirates",2026-04-18 07:41:29,https://www.google.com/maps/place/Houzon+Real+Estate/data=!4m7!3m6!1s0x3e5f69f625689ac7:0xceaf4161658e5183!8m2!3d25.1862779!4d55.2600702!16s%2Fg%2F11vdmz5bmw!19sChIJx5poJfZpXz4Rg1GOZWFBr84?authuser=0&hl=en&rclk=1
La Capitale Real Estate,Real estate agency,3.9,83,+971508885327,http://www.lacapitaledubai.com/,N/A,"2801 & 2802, Concord Tower - Al Sufouh - Dubai Media City - Dubai - United Arab Emirates",2026-04-18 07:41:38,https://www.google.com/maps/place/La+Capitale+Real+Estate/data=!4m7!3m6!1s0x3e5f6b79b5ce9571:0xfe41ad28901e1b2d!8m2!3d25.0978927!4d55.1563835!16s%2Fg%2F11cjp7s775!19sChIJcZXOtXlrXz4RLRsekCitQf4?authuser=0&hl=en&rclk=1
Assets Real Estate,Real estate agency,4.6,52,+97145587121,https://assets-realestate.com/,info@assets-realestate.com,Lake Central Tower - 509 - 509 - Dubai - United Arab Emirates,2026-04-18 07:41:48,https://www.google.com/maps/place/Assets+Real+Estate/data=!4m7!3m6!1s0x3e5f682d79f3e6bf:0xa528875e23b3ebf5!8m2!3d25.1867075!4d55.2723728!16s%2Fg%2F11c45z_gzb!19sChIJv-bzeS1oXz4R9euzI16HKKU?authuser=0&hl=en&rclk=1
Tesla Properties - Real Estate Company in Dubai,Real estate agency,4.7,74,+97145853725,https://www.teslaproperties.ae/,info@teslaproperties.ae,I Rise Tower - 21E 01 - 02 Hessa St - Barsha Heights - Dubai - United Arab Emirates,2026-04-18 07:42:03,https://www.google.com/maps/place/Tesla+Properties+-+Real+Estate+Company+in+Dubai/data=!4m7!3m6!1s0x3e5f6b97c9e46381:0xfae13062ee39f938!8m2!3d25.0972285!4d55.1804983!16s%2Fg%2F11pvbb2p50!19sChIJgWPkyZdrXz4ROPk57mIw4fo?authuser=0&hl=en&rclk=1
Dubai Real Estate Corporation HQ,Real estate agency,4.6,27,+97143986666,https://www.wasl.ae/,customercare@wasl.ae,114 Al Mankhool Rd - Al Raffa - Dubai - United Arab Emirates,2026-04-18 07:42:14,https://www.google.com/maps/place/Dubai+Real+Estate+Corporation+HQ/data=!4m7!3m6!1s0x3e5f43199684b523:0x4312a95d17bedd52!8m2!3d25.2501801!4d55.2878718!16s%2Fg%2F11bbwq5gr7!19sChIJI7WElhlDXz4RUt2-F12pEkM?authuser=0&hl=en&rclk=1
Casa Nostra Real Estate Brokers,Real estate consultant,4.7,118,+97144385248,http://casanostra.ae/,info@casanostra.ae,"Office C13, 8th Floor I-Rise Tower - Barsha Heights - Dubai - United Arab Emirates",2026-04-18 07:42:23,https://www.google.com/maps/place/Casa+Nostra+Real+Estate+Brokers/data=!4m7!3m6!1s0x3e5f6b78665fb729:0x3fd4ce9685298644!8m2!3d25.0971369!4d55.1804753!16s%2Fg%2F11bbwnnmm7!19sChIJKbdfZnhrXz4RRIYphZbO1D8?authuser=0&hl=en&rclk=1
