Job Title,Company Name,Recruiter Name,Location,Job Description,Keyword,URL
AI Data Annotator | Remote,N/A,Sankalp Chhabra,N/A,"About the job Position: Inbox Optimization Expert Type: Hourly contract Compensation Location: Remote Commitment: 10–40 hours/week Role Responsibilities Review and assess email inbox structures, labeling systems, and categorization workflows. Provide structured and actionable feedback to improve email organization and user experience. Identify communication patterns to support AI understanding and prioritization of emails. Contribute to the development of high-quality datasets and evaluation frameworks. Collaborate with cross-functional teams to refine AI-driven workflow outputs. Maintain high accuracy and attention to detail in all evaluations and annotations. Support AI training initiatives focused on communication and inbox optimization. Requirements Strong analytical skills with high attention to detail. Familiarity with email organization best practices including labels, filters, and folder systems. Ability to provide clear, structured written feedback on workflows. Experience wor",AI automation,https://www.linkedin.com/jobs/view/4397235283/
Applied AI Engineer (Automation),N/A,N/A,N/A,"About the job About Fusemachines Fusemachines is a leading AI strategy, talent, and education services provider. Founded by Sameer Maskey Ph.D., Adjunct Associate Professor at Columbia University, Fusemachines has a core mission of democratizing AI. With a presence in 4 countries (Nepal, the United States, Canada, and the Dominican Republic) and more than 450 full-time employees, Fusemachines brings global AI expertise to transform companies worldwide. Founded in 2013, Fusemachines is a global provider of enterprise AI products and services, on a mission to democratize AI. Leveraging proprietary AI Studio and AI Engines, the company helps drive the clients’ AI Enterprise Transformation, regardless of where they are in their Digital AI journeys. With offices in North America, Asia, and Latin America, Fusemachines provides a suite of enterprise AI offerings and specialty services that allow organizations of any size to implement and scale AI. Fusemachines serves companies in industries s",AI automation,https://www.linkedin.com/jobs/view/4390339232/
AI Automation Specialist,N/A,N/A,N/A,"About the job Employment Type: Flexible (Fractional or Full Time) Location: Remote About Petra Brands: Petra Brands is a dynamic and innovative consumer products company that manages a diverse portfolio of brands, including House of Party, Fomin Soap, Golden Era Body, and Soul Mama Stationery. We specialize in creating unique and memorable consumer packaged goods (CPG) in the party, craft, beauty, personal care, and lifestyle sectors. Our mission is to deliver products that spark creativity, celebration, and connection — crafting experiences that evoke emotion, memories, and a sense of place through captivating brand identities and thoughtful packaging. The Role: We're looking for someone who lives and breathes AI. You'll help us use AI tools to automate workflows, speed up operations, and make our businesses run smarter. This isn't a research role, it's about getting things done. You'll work across our group of agency and retail businesses to find opportunities where AI can save time,",AI automation,https://www.linkedin.com/jobs/view/4395334252/
Junior AI Engineer,N/A,N/A,N/A,"About the job About Contour Contour Software has grown from a dozen people to over 2,000 staff across 3 cities, in less than 14 years. As a subsidiary of Constellation Software Inc., we are proud to be part of a global enterprise software conglomerate that has grown to become one of the top 10 software companies in the world, with employees and customers in 100+ countries. With a broad-based and ever-growing portfolio of market-leading, vertical-market enterprise solutions covering more than 100 industry domains in predominantly mature markets, CSI's recipe creates the perfect environment for professionals to build fulfilling, long-term careers. What started as an R&D & Accounting back-office, has progressed into a full-service Global Centre serving all functions and departments, at the divisional as well as operating group/corporate level. Today Contour employees, located in Karachi, Lahore & Islamabad, are serving CSI divisions located in time zones spanning the globe, from Sydney to",AI automation,https://www.linkedin.com/jobs/view/4399471269/
Ai Prompt Writer – Remote,N/A,Shiv Pratap Singh Dangi,N/A,"About the job Role Overview Collaborating with a leading AI lab to contract experienced professionals for an AI model evaluation project. Contractors will assess the quality, accuracy, and safety of AI-generated responses across specialized domains such as finance, law, medicine, and accounting. The project offers an opportunity to directly improve the reliability of AI systems in high-stakes contexts where inaccurate information carries serious risk. Key Responsibilities Write realistic prompts that reflect how professionals and consumers seek domain-specific guidance Evaluate AI-generated responses for factual accuracy, regulatory or clinical correctness, and practical usefulness Identify fabricated claims, incorrect references, or misleading reasoning across model outputs Score and rank multiple model responses using structured rubrics across dimensions Provide written justifications with specific evidence for each evaluation Ideal Qualifications Master’s degree or higher in a relev",AI automation,https://www.linkedin.com/jobs/view/4385444590/
AI Program Manager,N/A,Maha Siddiqui,N/A,"About the job AI Program Manager CoPilot Innovations | Remote | Full-Time | 4 to 6 Years Experience About CoPilot Innovations CoPilot Innovations helps businesses unlock real outcomes using AI through rapid, hands-on implementation. We work with operators, founders, and teams to design, build, and ship AI solutions that drive measurable impact. We are a small, high-output team. Everyone here builds things, not decks. The Role We are hiring a Program Manager - not a task manager or coordinator. You will own client engagements end-to-end across multiple accounts, translating ambiguous business needs into structured AI solutions and driving them through to measurable results. You will work hands-on with AI tools and prototypes, collaborate closely with engineers, and act as a strategic partner to clients - not just a point of contact. What You Will Own Client success metrics: ROI, adoption, efficiency gains Translating vague briefs into scoped, actionable AI solutions Shaping solutions wi",AI automation,https://www.linkedin.com/jobs/view/4400603796/
Agentic AI/ML Engineer,N/A,Ravale Naeem,N/A,"About the job We are looking for a senior, hands-on Agentic AI Solution (AI/ML) Engineer who can consult, design, and finalize the end-to-end solution architecture and scope of work for an enterprise-grade Agentic AI platform. Location: DHA Phase 4 Lahore, Pakistan Timings: 5pm-2am PKT (Fulltime, onsite) This role is NOT about coding everything. It is about: Asking the right questions Defining what should be built vs what should not Designing a secure, scalable, cloud-native agentic architecture Producing clear solution artifacts that engineering teams can execute on What You Will Own (Scope of Work) Business Discovery & Problem Framing Work with stakeholders to: Understand current processes, pain points, and automation opportunities Identify where agentic AI truly adds value vs simple automation Convert ambiguous ideas into: Clear use cases Agent responsibilities Success metrics (accuracy, cost, latency, risk) Deliverables: Problem statements Use-case prioritization Agent responsibili",AI automation,https://www.linkedin.com/jobs/view/4399879940/
Machine Learning Engineer | $80/hr Remote,N/A,N/A,N/A,"About the job Position: Applied AI Engineer Type: Hourly contract Compensation: $30-$80/hr Location: Remote Commitment: 10–40 hours/week Role Responsibilities Design, develop, and deploy machine learning models to address real-world business problems. Collaborate with cross-functional teams to identify opportunities for AI integration and innovation. Preprocess, analyze, and interpret complex datasets using Python and related data tools. Develop APIs and data pipelines to integrate machine learning models into production systems. Optimize models for scalability, performance, and reliability in operational environments. Document technical workflows, methodologies, and results clearly for internal teams. Communicate technical concepts and solutions effectively to both technical and non-technical stakeholders. Requirements Strong proficiency in Python for data processing, automation, and machine learning development. Hands-on experience with machine learning frameworks and model developme",AI automation,https://www.linkedin.com/jobs/view/4384995824/
Senior AI Agent Engineer,N/A,N/A,N/A,"About the job Beam AI builds self-learning AI agents and an organisational operating system where intelligence grows through autonomous discovery. We help enterprises evolve from AI-curious to AI-native with automation that delivers results today and learns to improve itself over time. Join us in shaping a future where AI continuously discovers, adapts, and makes work more meaningful. To learn more, visit https://beam.ai/. About The Team Beam's AI Agent Deployment team sits at the intersection of AI, product, and client impact. We partner closely with customers to understand their workflows, design intelligent automation solutions, and ensure our agents deliver real business value. Our work spans workflow design, agent configuration, technical integration, and ongoing optimization. We collaborate with engineering, ML, and product teams to translate abstract problems into scalable, agentic systems that work in the real world. This is a high-context, high-ownership environment where Depl",AI automation,https://www.linkedin.com/jobs/view/4393545264/
Senior Data Scientist / Machine Learning Engineer,N/A,N/A,N/A,"About the job Astro Sirens is an IT staffing agency based in Austin, Texas. We connect talented professionals from around the world with U.S. companies, offering exciting opportunities to work on innovative projects for top clients. We are currently seeking a Senior Data Scientist / Machine Learning Engineer to help our clients design, build, and deploy scalable machine learning solutions that drive business value. This is a remote position, and we strongly encourage and give preference to candidates based in India and Pakistan who are eager to collaborate with U.S.-based teams. Responsibilities Design, develop, and deploy machine learning models for real-world production use cases Analyze large and complex datasets to extract insights that inform model development and optimization Build end-to-end ML pipelines, including data preprocessing, feature engineering, model training, evaluation, and deployment Collaborate with data engineers, software engineers, product managers, and busines",AI automation,https://www.linkedin.com/jobs/view/4398001165/
AI/ML Engineer (Mid-Level),N/A,N/A,N/A,"About the job Company Overview: Hazen Technologies is a leading technology and BPO company having offices in USA and Pakistan. Today we stand as a premier driver of innovation, offering transformative IT solutions, managed services (back-office support), and creative & digital marketing services tailored for a range of industries. Our core focus is on providing seamless solutions that add real value for our customers. Job Location: Gulberg Lahore Pakistan. Job Conditions: Onsite, full time, 02:00 pm to 11:00 pm PKT Report to: Chief Software Architect Responsible for designing, developing, and implementing cutting-edge AI and machine learning solutions. Passionate and skilled to join our growing technology team. The ideal candidate will have hands-on experience building AI-powered solutions using Large Language Models (LLMs), Retrieval-Augmented Generation (RAG) architectures, and modern machine learning techniques. Key Responsibilities: Design and implement AI-powered applications usin",AI automation,https://www.linkedin.com/jobs/view/4394232134/
AI Rubric Designer (Remote),N/A,N/A,N/A,"About the job Job Title: AI Rubric Designer (Remote) Work Mode: Fully Remote Location: Remote (Indonesia, Turkey, Pakistan, Philippines, Vietnam, Nigeria, Egypt, Ukraine, South Africa, Japan, Thailand, Bangladesh, Kenya, Serbia, Switzerland, Israel, Malaysia, UAE, Norway, South Korea) Role Overview Explore building agents using OpenClaw across multiple AI models and design rubrics to evaluate their outcomes - spanning health, education, daily life, et. (all coding work) Shape the future of autonomous AI agents by providing expert human feedback to leading AI organisations. Train Large Language Models (LLMs) for complex, multi-step architectural workflows. Flexible remote work with no minimum hours and weekly payments. Key Responsibilities AI Agent Testing Write evaluation rubrics with objective pass/fail criteria Debug agent traces to identify failure patterns Stress test agents in multi-step, real-world scenarios Technical Evaluation Assess production-grade modular software architectu",AI automation,https://www.linkedin.com/jobs/view/4400976655/
GTM & Automation Engineer,N/A,Vernissa Wali,N/A,"About the job Job Title: GTM & Automation Engineer Location: Islamabad- Onsite About Better Devices Better Devices builds cutting-edge electronic systems in partnership with global clients. We combine rigorous engineering, first-principles thinking, and an obsession with quality to deliver impactful devices and technical solutions. Our work spans the full product lifecycle — from early architecture and prototyping to production and field deployment. We are expanding our go-to-market capabilities and are seeking an experienced GTM & Automation Engineer to design, implement, and optimize scalable outbound systems, automation workflows, and a structured, predictable pipeline for engineering services. Role Summary We're hiring a GTM & Automation Engineer to design, build, and maintain automation pipelines that drive lead generation, qualify prospects, and streamline internal operations. You'll connect external signals (e.g., job postings, industry news, company activity) to our CRM and too",AI automation,https://www.linkedin.com/jobs/view/4396273241/
AI Specialist,N/A,N/A,N/A,"About the job Description We are seeking an experienced AI Specialist to design, develop, and deploy artificial intelligence solutions that solve real-world business problems. The ideal candidate will have expertise in machine learning, deep learning, and data-driven systems, with a strong ability to translate business requirements into scalable AI models. Key Responsibilities Develop, train and implement AI/ML models. Automate workflows and repetitive reporting Analyze large datasets to generate actionable insights for management Build predictive models for revenue trends, cost optimization, and workforce planning Design AI-driven solutions for automation, prediction, and optimization Collaborate with data engineers and software developers to integrate AI models into production systems. Create dashboards and reports for management review Fine-tune and optimize model performance and accuracy Stay updated with the latest advancements in AI and emerging technologies Ensure data accuracy,",AI automation,https://www.linkedin.com/jobs/view/4397205233/
Junior Data Science Engineer,N/A,N/A,N/A,"About the job Education: Bachelor's degree in computer science, software engineering, artificial intelligence or a related field. Location: Karachi and Islamabad Office Shift: 11:00AM - 08:00PM (Monday to Friday) Experience: Minimum 02 Year of Similar Experience with relevant skills in Python, ML, NLP, STT, TTS, and Databases. Job Description And Requirements The ideal candidate will analyze large datasets, develop and fine tune machine learning models, and contribute to data-driven decision-making. Design, build, and deploy machine learning models and AI-driven systems across a variety of domains including NLP, STT, TTS, recommendation engines, and generative AI. Proficiency in Python, Machine Learning, Speech to Text, Text to Speech, Natural Language Processing, SQL, data modeling, plus strong communication skills to turn data into actionable business insights. Knowledge of front-end development and socket programming will be a plus.",AI automation,https://www.linkedin.com/jobs/view/4396332957/
AI/ML Speech-to-Text Python Engineer,N/A,N/A,N/A,"About the job engineering AI/ML Speech-to-Text Python Engineer 48 Commercial Plaza, Cavalry Ground Extension, Lahore About IRG Global IRG Global is a leading technology company specializing in software development, AI-powered solutions, digital transformation, and BPO services. With 8+ years of experience delivering high-performance tech solutions worldwide, IRG Global is now expanding its AI division and seeking top talent to build next-generation speech technologies. About The Role IRG Global is hiring an AI/ML Engineer with strong expertise in Speech-to-Text (STT) technologies and Python development. You will work on building advanced speech recognition systems, integrating cutting-edge models, and optimizing performance for real-time applications. Key Responsibilities Build, train, and maintain Speech-to-Text (ASR) models using state-of-the-art frameworks. Develop Python-based STT pipelines and integrate them into IRG Global’s products and platforms. Fine-tune ASR models such as Op",AI automation,https://www.linkedin.com/jobs/view/4399005342/
Senior Data Scientist,N/A,N/A,N/A,"About the job NexgenLink (formerly Astro Sirens) is seeking a highly skilled Senior Data Scientist to join our team and lead the development of advanced analytics and machine learning solutions that support strategic business objectives. In this role, you will work closely with cross-functional stakeholders across product, engineering, and business teams to transform complex data into actionable insights, build predictive models, and deliver scalable data science solutions. This position requires strong expertise in data analysis, statistical modeling, machine learning, and data-driven problem solving. The ideal candidate is comfortable working with large datasets, building and deploying models in production environments, and communicating analytical findings clearly to both technical and non-technical audiences. This is an excellent opportunity to contribute to high-impact initiatives in a collaborative remote environment aligned with U.S. time zones. Requirements Bachelor's or Master",AI automation,https://www.linkedin.com/jobs/view/4393585676/
Responsible AI Trainee,N/A,N/A,N/A,"About the job Job Overview: As a Responsible AI Trainee at CureMD you will focus on ensuring the ethical, transparent, and accountable use of AI in healthcare applications. This position is pivotal in embedding responsible AI practices into the development, deployment, and maintenance of AI systems that enhance clinical decision-making, patient management, and operational efficiencies. This role requires a blend of technical skills in AI and machine learning, a deep understanding of ethical AI principles, and familiarity with healthcare regulations. The Responsible AI Trainee will play a crucial role in ensuring that CureMD's innovative solutions not only advance healthcare outcomes but also uphold the highest standards of ethics and responsibility in AI. Job Responsibilities: Ethical AI Implementation: Assist in development of AI applications with a strong emphasis on ethical principles, ensuring that all AI solutions are fair, transparent, and non-discriminatory. Compliance and Stand",AI automation,https://www.linkedin.com/jobs/view/4300735575/
Senior AI QA Automation Engineer,N/A,N/A,N/A,"About the job About the Company CodeNinja is a global AI and engineering services company helping enterprises build, scale, and operate intelligent systems. With 350+ engineers across four continents and 400+ successful deployments, CodeNinja enables organizations to harness artificial intelligence through Global Capability Centers, Work AI, Physical AI, and AI Labs. Recognized among Pakistan’s fastest-growing AI firms and a multi-award recipient on Clutch, CodeNinja empowers over 250 clients worldwide to innovate, automate, and compete in the intelligence economy. About the role We are hiring an AI Software Development Engineer in Test II (AI SDET II) — an experienced quality engineer who owns feature-level test strategy and automation for AI-enabled products. In this role, you will design and maintain automated tests and AI evaluation suites, integrate quality signals into CI/CD pipelines, and partner with Scrum teams to prevent defects and deliver reliable AI capabilities. Key Respo",AI automation,https://www.linkedin.com/jobs/view/4396922892/
AI ML Engineer,N/A,N/A,N/A,"About the job We're building something meaningful — not just another dashboard or data toy. This role is for someone who enjoys working with real human behavior data, where every model you ship has the power to improve how people move, live, and take care of themselves. If you love solving puzzles inside messy, real-world datasets, you'll feel at home here. What You'll Work On Build, train, and refine machine learning and deep learning models using time-series, sensor, and behavioral data. Integrate data from wearables, fitness tracking platforms, and device APIs to create a clear story from movement, patterns, and activity signals. Develop and maintain data pipelines that support both batch and real-time analytics. Own model deployment in production environments — your models won't live in notebooks; they'll live in the world. Work closely with engineering teams to integrate ML models into mobile and web apps. Support logic for fraud, spoofing, and anomaly detection, ensuring data ref",AI automation,https://www.linkedin.com/jobs/view/4386754190/
Technical Product Manager (FinTech),N/A,N/A,N/A,"About the job About WhizPay WhizPay is building modern global payment infrastructure powered by stablecoins and programmable finance. We enable businesses to move money seamlessly across borders, from fiat onramps to crypto-based settlement and local currency payouts. Our platform combines traditional banking rails with blockchain systems to deliver faster, more transparent, and cost-efficient transactions. We are focused on solving complex payment challenges in both developed and emerging markets, with a strong emphasis on reliability, compliance, and scalability. As a remote-first team, we are building the next generation of financial infrastructure for a globally connected workforce. About the Role We’re hiring a Technical Product Manager to own the end-to-end product for a stablecoin-powered payments platform. You will define how money moves — from USD onramps to USDC wallets to local payouts — while working closely with engineering, compliance, and external partners. What You’ll O",AI automation,https://www.linkedin.com/jobs/view/4397973770/
Data & Image Annotation Specialist,N/A,N/A,N/A,"About the job About the Role We are looking for Freelance Data Annotation Specialists with strong English proficiency to support global AI and Large Language Model (LLM) projects. This is a project-based freelancing opportunity, ideal for individuals seeking flexible work while contributing to cutting-edge AI development. Key Responsibilities Annotate and review text-based data following detailed project guidelines Perform language-centric tasks such as classification, evaluation, and reasoning Maintain high accuracy, consistency, and quality standards Meet defined productivity benchmarks within project timelines Flag unclear or ambiguous data as per escalation guidelines Ensure confidentiality and compliance with data security requirements Required Skills & Qualifications Excellent English and Italian proficiency (written and spoken) Strong attention to detail and analytical skills Comfortable working independently in a remote/project-based setup Basic computer literacy and familiarit",AI chatbot,https://www.linkedin.com/jobs/view/4398851463/
First-Person Video AI Trainer (Worldwide),N/A,N/A,N/A,"About the job The Toloka Annotators connects individuals with Generative AI projects from leading tech innovators. Our mission is to unlock the full potential of AI by involving real people from around the world in the development process. About The Role Do you wash dishes every day? Vacuum the rug? Walk the dog? Fold laundry? What if you could get paid just for recording it? We are looking for people to help train the next generation of AI by capturing high-quality, ""point-of-view"" video of everyday household tasks. Responsibilities Data Collection: Record hands-on, manipulation-intensive tasks across a diverse set of residential environments Residential Tasks: Accurately record common household activities such as room tidy-up, end-to-end dishes cleanup, end-to-end laundry, and home mapping Adherence to Specifications: Follow strict guidelines for data capture, including dedicating full attention to the task and ensuring geographic and task diversity in recordings Requirements Equipme",AI chatbot,https://www.linkedin.com/jobs/view/4393538143/
Remote Calling Associate,N/A,N/A,N/A,"About the job We get a lot of applications, to make sure your application is seen, fill this 3-minute Jotform Application (copy/paste into browser): https://form.jotform.com/253174078735160 Company: Ascenturi Location: Remote Schedule: U.S. Business Hours Type: Full-Time Summary: We are hiring a Remote Calling Associate to manage outbound dialing campaigns and connect with potential clients across the U.S. Responsibilities: Execute high-volume outbound calls daily Follow structured call scripts Book appointments efficiently Update CRM systems accurately Maintain call quality and compliance Qualifications: Clear speaking voice and confidence Strong attention to detail Ability to handle repetitive tasks Prior calling experience preferred What We Offer: Work-from-home flexibility Structured training Fast-paced environment",AI chatbot,https://www.linkedin.com/jobs/view/4396357423/
Data Annotation Specialist,N/A,N/A,N/A,"About the job About the Role We are looking for Freelance Data Annotation Specialists with strong English proficiency to support global AI and Large Language Model (LLM) projects. This is a project-based freelancing opportunity, ideal for individuals seeking flexible work while contributing to cutting-edge AI development. Key Responsibilities Annotate and review text-based data following detailed project guidelines Perform language-centric tasks such as classification, evaluation, and reasoning Maintain high accuracy, consistency, and quality standards Meet defined productivity benchmarks within project timelines Flag unclear or ambiguous data as per escalation guidelines Ensure confidentiality and compliance with data security requirements Required Skills & Qualifications Excellent English and Vietnamese proficiency (written and spoken) Strong attention to detail and analytical skills Comfortable working independently in a remote/project-based setup Basic computer literacy and familia",AI chatbot,https://www.linkedin.com/jobs/view/4398842697/
AI Software Engineer (Marketing Automation & Internal Tools),N/A,Ayesha Gulfam,N/A,"About the job Job Title: AI Software Engineer (Marketing Automation & Internal Tools) Location: Remote Working Hours: US Hours - EST Contract Type: Full-Time About the Role Our client is a fast-growing marketing agency serving over 150 home service businesses. They focus on performance-driven campaigns and are heavily investing in AI and automation to improve lead generation, tracking, and operational efficiency. They are now looking to bring in a hands-on AI Software Engineer to build and scale their internal systems. This is a builder role, not a strategy-only position. You will be responsible for developing internal tools, integrating AI into workflows, and improving how the agency operates across marketing, data, and client servicing. You’ll work directly with the leadership team, media buyers, and operators to turn ideas into working systems—fast. Key Responsibilities 1. Internal Tool Development (Primary Focus) Build and deploy internal tools using Next.js, React, and Python Deve",AI chatbot,https://www.linkedin.com/jobs/view/4396367339/
Mid-Level AI Engineer,N/A,Maha Siddiqui,N/A,"About the job About Us Welcome to the cutting-edge world of AI-driven solutions! CoPilot Innovations is an innovative early-stage AI software development company with a mission to empower small and mid-sized businesses to thrive in the digital age. We build intelligent tools and automation solutions that help businesses work smarter, faster, and better. In this video, the leaders at CoPilot Innovations share: Our vision for CoPilot and where we’re headed The type of AI challenges we’re passionate about solving Our perspective on LLMs, automation, and their real-world impact The engineering culture we’re actively building If this resonates with you, we invite you to watch the full video here: https://linkly.link/2ZrUs If you’re passionate about artificial intelligence, eager to solve challenging problems, and want to work on impactful projects from day one, we’d love to hear from you. Role Overview As a Mid-Level AI Engineer at CoPilot Innovations, you’ll collaborate with a talented tea",AI chatbot,https://www.linkedin.com/jobs/view/4365349568/
Developer Relations AI (100% remote),N/A,N/A,N/A,"About the job Join Tether and Shape the Future of Digital Finance At Tether, we’re not just building products, we’re pioneering a global financial revolution. Our cutting-edge solutions empower businesses—from exchanges and wallets to payment processors and ATMs—to seamlessly integrate reserve-backed tokens across blockchains. By harnessing the power of blockchain technology, Tether enables you to store, send, and receive digital tokens instantly, securely, and globally, all at a fraction of the cost. Transparency is the bedrock of everything we do, ensuring trust in every transaction. Innovate with Tether Tether Finance: Our innovative product suite features the world’s most trusted stablecoin, USDT, relied upon by hundreds of millions worldwide, alongside pioneering digital asset tokenization services. But that’s just the beginning: Tether Power: Driving sustainable growth, our energy solutions optimize excess power for Bitcoin mining using eco-friendly practices in state-of-the-art,",AI chatbot,https://www.linkedin.com/jobs/view/4379001407/
Vision Data Intelligence Specialist (Worldwide),N/A,N/A,N/A,"About the job The Toloka Annotators connects individuals with Generative AI projects from leading tech innovators. Our mission is to unlock the full potential of AI by involving real people from around the world in the development process. About The Role Do you wash dishes every day? Vacuum the rug? Walk the dog? Fold laundry? What if you could get paid just for recording it? We are looking for people to help train the next generation of AI by capturing high-quality, ""point-of-view"" video of everyday household tasks. Responsibilities Data Collection: Record hands-on, manipulation-intensive tasks across a diverse set of residential environments Residential Tasks: Accurately record common household activities such as room tidy-up, end-to-end dishes cleanup, end-to-end laundry, and home mapping Adherence to Specifications: Follow strict guidelines for data capture, including dedicating full attention to the task and ensuring geographic and task diversity in recordings Requirements Equipme",AI chatbot,https://www.linkedin.com/jobs/view/4393207084/
OpenClaw Specialist (Remote),N/A,N/A,N/A,"About the job Job Title: OpenClaw Specialist (Remote) Work Mode: Fully Remote Location: Remote (Philippines, Pakistan, UAE, Nigeria, Bangladesh, Indonesia, Egypt, South Africa, Turkey, Vietnam, Malaysia, Kenya, Thailand, Ukraine, Serbia, Japan, South Korea, Israel, Norway, Switzerland) Role Overview Explore building agents using OpenClaw across multiple AI models and design rubrics to evaluate their outcomes - spanning health, education, daily life, et. (all coding work) Shape the future of autonomous AI agents by providing expert human feedback to leading AI organisations. Train Large Language Models (LLMs) for complex, multi-step architectural workflows. Flexible remote work with no minimum hours and weekly payments. Key Responsibilities AI Agent Testing Write evaluation rubrics with objective pass/fail criteria Debug agent traces to identify failure patterns Stress test agents in multi-step, real-world scenarios Technical Evaluation Assess production-grade modular software architect",AI chatbot,https://www.linkedin.com/jobs/view/4400969859/
PIEAS 2026,N/A,N/A,N/A,"About the job Hi Folks, Here is a Virtual Office Tour. We are looking for. 1. Full Stack Software (MERN/MEVN, Javascript) 2. ML/AI / Computer Vision 3. SQA (Manual + Automation - Javascript, Selenium, Cypress) 4. Mobile Application (Flutter, Java, Kotlin) 5. Data Scientists 6. Cyber Security 7. Embedded Systems 8. Electronics 9. Product (UI/UX/UED) 10. Mechanical Design Engineer 11. Talent Acquisition (Technical) MUST DO! In order to move fast and get a better idea of what to expect in the interviews, I request everyone to follow these steps. 1. Go to work.cowlar.com (Right click on the link and open in new window) 2. Navigate to, the ""Interview Prep Section."" 3. Click on your relevant section, ""Engineering, BSSO"" 4. Open your relevant prep document. 5. Please prepare the document in detail, not just look at it. 6. Let us know as soon as you are prepared. You can reach out to us at careers@cowlar.com If you have any questions or queries, please let us know. Remember, we are looking for",AI chatbot,https://www.linkedin.com/jobs/view/4395999231/
Remote Customer Outreach Associate,N/A,N/A,N/A,"About the job We get a lot of applications, to make sure your application is seen, fill this 3-minute Jotform Application (copy/paste into browser): https://form.jotform.com/253174078735160 Company: Ascenturi Location: Remote Schedule: U.S. Business Hours Type: Full-Time Summary: Ascenturi is expanding rapidly and seeking a Remote Customer Outreach Associate to connect with prospective clients and schedule appointments. This role is ideal for individuals looking to build experience in customer communication, outbound engagement, and remote sales support. Responsibilities: Conduct high-volume outbound calls (350–450 daily) Engage potential customers and introduce services clearly Schedule qualified appointments using internal tools Maintain accurate CRM records and call notes Follow outreach scripts while adapting to conversations Meet and exceed daily and weekly KPIs Participate in team coaching and performance reviews Qualifications: Strong English communication skills Comfortable spe",AI chatbot,https://www.linkedin.com/jobs/view/4396344492/
Amazon Product Launch Manager – Private Label,N/A,N/A,N/A,N/A,SaaS,https://www.linkedin.com/jobs/view/4400605942/
Senior Product Marketing Specialist - Digital Banking,N/A,N/A,N/A,N/A,SaaS,https://www.linkedin.com/jobs/view/4393097618/
Account Executive (AE / Closer) - Remote,N/A,N/A,N/A,N/A,SaaS,https://www.linkedin.com/jobs/view/4382912869/
Performance Marketing Manager,N/A,N/A,N/A,N/A,SaaS,https://www.linkedin.com/jobs/view/4400236530/
Remote Sales Associate,N/A,N/A,N/A,N/A,SaaS,https://www.linkedin.com/jobs/view/4396345495/
AD Cards & Online Payments,N/A,N/A,N/A,N/A,SaaS,https://www.linkedin.com/jobs/view/4397930109/
Customer Success Manager (APAC),N/A,N/A,N/A,N/A,SaaS,https://www.linkedin.com/jobs/view/4390816842/
Marketing Manager,N/A,N/A,N/A,N/A,SaaS,https://www.linkedin.com/jobs/view/4395336080/
Email Marketing & Automation Specialist,N/A,N/A,N/A,N/A,SaaS,https://www.linkedin.com/jobs/view/4397365028/
Sales Development Representative,N/A,N/A,N/A,N/A,SaaS,https://www.linkedin.com/jobs/view/4390375354/
Software Engineer (API Integrations) | $80/hr Remote,N/A,N/A,N/A,N/A,SaaS,https://www.linkedin.com/jobs/view/4390954017/
Business Development Assistant,N/A,N/A,N/A,N/A,SaaS,https://www.linkedin.com/jobs/view/4397280642/
Remote Recruitment Consultant,N/A,N/A,N/A,N/A,SaaS,https://www.linkedin.com/jobs/view/4396355242/
Sales Development Representative (SDR) - Remote,N/A,N/A,N/A,N/A,SaaS,https://www.linkedin.com/jobs/view/4382926346/
Unilever Future Leaders Program - Marketing,N/A,N/A,N/A,N/A,SaaS,https://www.linkedin.com/jobs/view/4398198570/
Chief Marketing Officer,N/A,N/A,N/A,N/A,SaaS,https://www.linkedin.com/jobs/view/4398263946/
Director of Agentic Marketing Systems,N/A,N/A,N/A,N/A,SaaS,https://www.linkedin.com/jobs/view/4384851782/
GoHighLevel CRM Manager (Healthcare),N/A,N/A,N/A,N/A,SaaS,https://www.linkedin.com/jobs/view/4361326893/
Digital Marketing Manager,N/A,N/A,N/A,N/A,SaaS,https://www.linkedin.com/jobs/view/4397331810/
JavaScript Developer | $55/hr Remote,N/A,N/A,N/A,N/A,web development,https://www.linkedin.com/jobs/view/4388208552/
React (Next.js) Developer,N/A,N/A,N/A,N/A,web development,https://www.linkedin.com/jobs/view/4391131677/
Front-End Web Developer (React + Azure),N/A,N/A,N/A,N/A,web development,https://www.linkedin.com/jobs/view/4399872675/
Senior Software Engineer (Remote),N/A,N/A,N/A,N/A,web development,https://www.linkedin.com/jobs/view/4400971784/
Front-End Web Developer (React + Azure),N/A,N/A,N/A,N/A,web development,https://www.linkedin.com/jobs/view/4398690769/
Web Designer | $65/hr Remote,N/A,N/A,N/A,N/A,web development,https://www.linkedin.com/jobs/view/4393844555/
Front-End Developer,N/A,N/A,N/A,N/A,web development,https://www.linkedin.com/jobs/view/4381022199/
"Web Developer & Analyst - 1227 - Lahore, Pakistan",N/A,N/A,N/A,N/A,web development,https://www.linkedin.com/jobs/view/4395929141/
Senior Software Developer (Remote),N/A,N/A,N/A,N/A,web development,https://www.linkedin.com/jobs/view/4400982493/
Front-End Web Developer (React + Azure),N/A,N/A,N/A,N/A,web development,https://www.linkedin.com/jobs/view/4398806338/
Remote Phone Representative,N/A,N/A,N/A,N/A,web development,https://www.linkedin.com/jobs/view/4396349592/
Python Developer | Remote,N/A,Sankalp Chhabra,N/A,"About the job Position: Python Developer Type: Hourly contract Location: Remote Commitment: 10–40 hours/week Role Responsibilities Design, develop, and maintain scalable Python applications. Collaborate with cross-functional teams to implement new features and enhancements. Review code to ensure quality, performance, and adherence to best practices. Troubleshoot, debug, and optimize applications for reliability and scalability. Create and maintain clear technical documentation and workflows. Contribute to system architecture discussions and propose technical solutions. Communicate progress, challenges, and updates effectively with team members. Requirements Strong experience in Python development and building scalable systems. Solid understanding of software development principles and design patterns. Proficiency with version control systems such as Git. Strong problem-solving and analytical thinking abilities. Ability to work independently in a remote, distributed environment. Excelle",web development,https://www.linkedin.com/jobs/view/4395404523/
Front-End Web Developer (React + Azure),N/A,N/A,N/A,"About the job Front-End Web Developer (React + Azure) Location: Hybrid (Lahore, Karachi, Islamabad) Experience: 8+ Years Employment Type: Full-Time About the Role We are seeking a highly skilled Front-End Web Developer with strong expertise in React.js and experience working with Azure-based applications. This role involves building scalable, high-performance web applications and integrating them with cloud services, AI APIs, and secure identity systems. You will collaborate with cross-functional teams to deliver modern, user-centric digital solutions. Key Responsibilities Develop and maintain high-performance, scalable front-end applications using React.js Integrate frontend applications with Azure-hosted services, including AI APIs Implement authentication and authorization using Azure AD / Azure AD B2C Consume and manage RESTful APIs, handling both real-time and batch data processing Collaborate with backend teams working on .NET Core APIs Optimize applications for performance, scal",web development,https://www.linkedin.com/jobs/view/4398802471/
Digital Marketer,N/A,N/A,N/A,"About the job We are seeking a skilled Digital Marketer with expertise in e-commerce to join our team. The ideal candidate will have hands-on experience in managing online marketplaces, optimizing product listings, and running paid advertising campaigns. Responsibilities: ~Manage and optimize Amazon and Walmart product listings to enhance visibility and sales. ~Oversee Shopify store management, ensuring seamless operations and conversion optimization. ~Plan, execute, and analyze paid advertising campaigns across platforms such as Google Ads, Facebook Ads, and Amazon PPC. ~Implement SEO best practices to improve organic rankings and traffic. ~Utilize tools like Google Analytics, Amazon Seller Central, and Facebook ~Business Manager to track performance and derive insights. ~Collaborate with cross-functional teams to enhance marketing strategies and drive business growth. Requirements: ~Proven experience in Amazon & Walmart product listing and optimization. ~Strong knowledge of Shopify s",web development,https://www.linkedin.com/jobs/view/4398370544/
Frontend Engineer - ReactJs,N/A,N/A,N/A,"About the job Confiz is looking for Software Engineer- React JS . Apply only if you consider yourself to be the very best and are looking for challenges and rewards that no other company will provide. Responsibilities Responsible for the development and maintenance of web applications Primary focus will be development of web applications and their integration with back-end services Will be working alongside other engineers and developers working on different layers of the infrastructure Commitment to collaborative problem solving, sophisticated design, and the creation of quality products is essential Translate designs, wireframes, and mockups into highly composable code Ensure the performance, quality, and responsiveness of applications Collaborate with a team to define, design, and ship new features Identify and correct bottlenecks and fix bugs Help maintain code quality, organization, and automation Requirements 7+ years of experience with React, NextJS and related ecosystems (Web p",web development,https://www.linkedin.com/jobs/view/4395980401/
Front-End / Full-Stack Developer,N/A,N/A,N/A,"About the job Securiti has been widely recognized as an industry innovator, being named “Most Innovative Start-up” at RSA Conference 2020, Leader in the IDC Marketplace, Leader in the Forrester Wave Privacy Management Software, and winner of the 2020 HPE-IAPP Innovation Award. The company is being built by proven serial entrepreneurs and executives who have successfully built and scaled high-growth global companies before. We have multiple frontend development roles open and if you aspire to work on cutting-edge technologies and frameworks, side by side with some of the smartest technologists, this may be a unique place for you. You will be working as a part of a distributed agile team, building a new SaaS platform that underpins a suite of enterprise applications solving a variety of hard data analytics and enterprise problems. Responsibilities Develop responsive front end applications using Vue JavaScript framework, HTML, CSS Integrate with APIs by defining the contract and also buil",web development,https://www.linkedin.com/jobs/view/4335312279/
Virtual Medical Scribe,N/A,Raza Qazi,N/A,"About the job At Health & Virtuals, we build structured, reliable support systems for healthcare practices across the United States—placing trained remote professionals into real operational workflows that keep practices running smoothly and predictably. We are currently hiring a Virtual Scribe—a real-time documentation support role responsible for capturing patient encounters, maintaining accurate clinical records, and enabling providers to focus fully on patient care. Role Overview The Virtual Scribe works alongside healthcare providers to ensure that clinical documentation is accurate, complete, and structured in real time. This role sits at the intersection of listening, documentation, and execution—translating live or recorded patient interactions into structured medical records within the EHR. You will document encounters, format clinical notes, and support provider workflows by ensuring that all relevant information is properly captured, organized, and ready for review. What You",web development,https://www.linkedin.com/jobs/view/4393018910/
Software Engineer (Remote),N/A,N/A,N/A,"About the job Job Title: Software Engineer (Remote) Work Mode: Fully Remote Location: Remote (Philippines, Pakistan, UAE, Nigeria, Bangladesh, Indonesia, Egypt, South Africa, Turkey, Vietnam, Malaysia, Kenya, Thailand, Ukraine, Serbia, Japan, South Korea, Israel, Norway, Switzerland) Role Overview Explore building agents using OpenClaw across multiple AI models and design rubrics to evaluate their outcomes - spanning health, education, daily life, et. (all coding work) Shape the future of autonomous AI agents by providing expert human feedback to leading AI organisations. Train Large Language Models (LLMs) for complex, multi-step architectural workflows. Flexible remote work with no minimum hours and weekly payments. Key Responsibilities AI Agent Testing Write evaluation rubrics with objective pass/fail criteria Debug agent traces to identify failure patterns Stress test agents in multi-step, real-world scenarios Technical Evaluation Assess production-grade modular software architectur",web development,https://www.linkedin.com/jobs/view/4400977603/
iOS Developer | Remote,N/A,Sankalp Chhabra,N/A,"About the job Position: iOS Developer Type: Hourly contract Compensation Location: Remote Commitment: 10–40 hours/week Role Responsibilities Design, develop, and maintain high-performance iOS applications. Collaborate with product managers, designers, and engineers to deliver new features. Write clean, scalable, and well-documented code for maintainability. Troubleshoot and resolve technical issues to ensure optimal performance. Participate in code reviews and uphold high coding standards. Stay updated with the latest iOS technologies and frameworks. Communicate technical concepts and project updates effectively. Requirements Strong experience in iOS development using Swift and Objective-C. Strong understanding of mobile app architecture patterns such as MVC and MVVM. Strong experience working with RESTful APIs, third-party libraries, and Apple frameworks. Experience writing unit and UI tests for application reliability. Strong problem-solving skills with attention to detail. Excellent",app development,https://www.linkedin.com/jobs/view/4394774476/
Brand Manager Core (Proactive Pipeline),N/A,N/A,N/A,"About the job Grade Level: 3 Location: Islamabad Last date to apply: 14th April 2026 What is ‘Brand Manager'? As a Brand Manager you will lead brand strategy and marketing execution through consumer insights, strong positioning, and consistent identity across all channels. The responsibilities for this role include overseeing creative, digital, and product-aligned initiatives while using analytics to optimize performance and ROI. You will manage teams, partners, and budgets to deliver impactful campaigns that drive growth and brand relevance with 1-2 direct reports and an extended team of 14 members. What does ‘Brand Manager' do? · Analyze brand positioning and consumer insights. · Shape and communicate our vision and mission. · Lead the development and execution of Brand Strategy based on the Business Objectives & Strategy · Work as a part of the product team to develop the right brand initiatives and communications. · Develop and implement brand strategies and marketing campaigns. · ",app development,https://www.linkedin.com/jobs/view/4398354434/
Mobile Front-end Developer (Flutter/React Native),N/A,N/A,N/A,"About the job URGENT HIRING Employment Details: Work Hours: 10:00 AM – 6:00 PM AEST Engagement Type: Full Time Employment Type: Remote (Permanent) Experience Required: 7-10 Years About the Role We are looking for a Mobile Front-End Developer with strong experience in Flutter and/or React Native (Expo) to work with one of our Australian clients. The ideal candidate will be highly focused on building scalable, high-performance mobile applications, with a strong understanding of modern UI/UX principles. Please note, the candidate requires to own a MacBook as their work equipment to operate. Key Responsibilities Develop and maintain mobile applications using Flutter + Flutter Web and/or React Native with Expo Implement robust and scalable state management using Bloc (mandatory for Flutter) Collaborate closely with backend developers, designers, and product teams Optimize applications for performance, scalability, and responsiveness Integrate REST APIs and work with GraphQL APIs where requi",app development,https://www.linkedin.com/jobs/view/4391528818/
Senior iOS Software Engineer,N/A,亚洲 Asia A.,N/A,"About the job Senior iOS Software Engineer Location: Remote: Asia-Pacific Job type: Full-time; Contract About MEGA MEGA, The Privacy Company provides global services from its Head Office in Csomad, Hungary. Built with Privacy by Design, MEGA provides a range of zero-knowledge encrypted cloud storage and communication solutions for individuals and businesses. We launched in 2013 and have grown to an international team of about 150 people who are motivated by next-generation technology and design, supporting over 340 million registered users on our desktop and mobile apps across all major platforms. About this role As a Senior iOS Engineer at MEGA, you will design, develop, and maintain our iOS application through robust, testable, and scalable code. Part of a global team of engineers, you will partner with, and report to, the iOS Team Lead to contribute to code reviews, engineering guidelines, and the mentoring of your junior-level colleagues. Given our commitment to zero-knowledge encr",app development,https://www.linkedin.com/jobs/view/4388282603/
"AI Powered Mobile App Developer, (Remote, Full-Time) PK [AS198]",N/A,N/A,N/A,"About the job About Smart Working At Smart Working, we believe your job should not only look right on paper but also feel right every day. This isn’t just another remote opportunity - it’s about finding where you truly belong, no matter where you are. From day one, you’re welcomed into a genuine community that values your growth and well-being. Our mission is simple: to break down geographic barriers and connect skilled professionals with outstanding global teams and products for full-time, long-term roles. We help you discover meaningful work with teams that invest in your success, where you’re empowered to grow personally and professionally. Join one of the highest-rated workplaces on Glassdoor and experience what it means to thrive in a truly remote-first world. About the role As an AI Powered Mobile App Developer (IOS/Android), you will take ownership of the technical direction and delivery of a mobile app and supporting platform at a pivotal early stage of the business. This is a ",app development,https://www.linkedin.com/jobs/view/4378181443/
Amazon Brand Manager,N/A,N/A,N/A,"About the job This is a full time, remote and permanent role as per the US Central timezone Umbrella Fund is excited to announce an opening for an Amazon Brand Manager. In this dynamic role, you will be responsible for managing and optimizing the performance of our clients' brands on the Amazon platform. As an Amazon Brand Manager, you will work closely with both internal teams and clients to create and implement strategies that drive sales and enhance brand visibility. Your primary responsibilities will include analyzing market trends, optimizing product listings, executing marketing campaigns, and monitoring key performance metrics to ensure the success of our clients’ brands on Amazon. Key Responsibilities: Manage and optimize the performance of clients' brands on Amazon Develop and implement sales strategies to increase brand visibility and market share Collaborate with clients to understand their brand vision and objectives Work with internal teams to design and execute marketing ",app development,https://www.linkedin.com/jobs/view/4390662606/
Senior Manager Payments & Integration Services.Technology PMO -MBP.Technology Group TECH-MBPKLTD,N/A,N/A,N/A,"About the job Responsible for managing the critical applications of the bank payments processing platform. Works effectively with the business stakeholders, internal teams and vendor in ensuring the product road map and the payment platforms and process improvements. Ensure payments products delivery and support strategy are aligned with the management objectives and goals. Ensures strategic vendor partnership and aligning products / industry road maps of the Payment platforms with business strategy. Responsible for guiding and mentoring the team locally and ensuring high quality of delivery and cross functional expertise with the team",app development,https://www.linkedin.com/jobs/view/4353003896/
Software Development Engineer (Remote),N/A,N/A,N/A,"About the job Job Title: Software Development Engineer (Remote) Work Mode: Fully Remote Location: Remote (Philippines, Pakistan, UAE, Nigeria, Bangladesh, Indonesia, Egypt, South Africa, Turkey, Vietnam, Malaysia, Kenya, Thailand, Ukraine, Serbia, Japan, South Korea, Israel, Norway, Switzerland) Role Overview Explore building agents using OpenClaw across multiple AI models and design rubrics to evaluate their outcomes - spanning health, education, daily life, et. (all coding work) Shape the future of autonomous AI agents by providing expert human feedback to leading AI organisations. Train Large Language Models (LLMs) for complex, multi-step architectural workflows. Flexible remote work with no minimum hours and weekly payments. Key Responsibilities AI Agent Testing Write evaluation rubrics with objective pass/fail criteria Debug agent traces to identify failure patterns Stress test agents in multi-step, real-world scenarios Technical Evaluation Assess production-grade modular software",app development,https://www.linkedin.com/jobs/view/4400988537/
Manager Employer Branding and Leadership Development,N/A,Affifa Bari,N/A,"About the job About easypaisa digital bank: easypaisa is Pakistan’s first digital bank and has advanced Pakistan’s digital finance landscape. Backed by our shareholders, Telenor Group-a leading telecom operator in Asia and the Nordics- and Ant Group-the force behind Alipay, the world’s leading open internet platform, easypaisa deliver secure, convenient financial solutions to millions of Pakistanis. Position Summary: This role is responsible for designing and driving easypaisa’s employer branding and leadership development in line with the company’s growth as a leading fintech. The role will focus on building a strong employer value proposition, developing leadership capability across levels through structure, culture, and capability interventions.The role requires end to end responsibility for initiatives while ensuring alignment with the overall People & Organization strategy. Primary duties and responsibilities: Employer Branding & Talent Positioning Develop and implement the employ",app development,https://www.linkedin.com/jobs/view/4396446934/
Remote Outreach Specialist,N/A,N/A,N/A,"About the job We get a lot of applications, to make sure your application is seen, fill this 3-minute Jotform Application (copy/paste into browser): https://form.jotform.com/253174078735160 Company: Ascenturi Location: Remote Schedule: U.S. Business Hours Type: Full-Time Summary: Execute outreach campaigns and connect with potential clients. Responsibilities: Perform outbound communication Engage leads effectively Book appointments Track outreach performance Qualifications: Strong communication skills Organized and proactive What We Offer: Remote work Growth opportunities",app development,https://www.linkedin.com/jobs/view/4396349550/
Junior Software Engineer (TypeScript) | $42/hr Remote,N/A,N/A,N/A,"About the job Position: Junior Software Engineer — AI Quality & Testing Type: Contract Compensation: $30 – $42/hour Location: Remote Commitment: 10-40 hours/week Role Responsibilities Test and evaluate AI-driven web and mobile products, analyzing performance and robustness from an engineering perspective. Write clear and comprehensive test cases while documenting findings to ensure issues are tracked and communicated effectively. Contribute TypeScript code to support feature development, prototypes, and quality improvement initiatives. Identify, reproduce, and report bugs while collaborating with product and engineering teams to resolve issues. Analyze user feedback from social platforms to gather product insights and highlight critical issues. Collaborate with cross-functional teams across product, engineering, and operations to support product quality goals. Continuously explore edge cases with a detail-oriented mindset to discover potential product weaknesses and improvements. Requi",app development,https://www.linkedin.com/jobs/view/4384251472/
Business Development Coordinator (Remote),N/A,N/A,N/A,"About the job We are looking for a high-level, proactive, and results-driven professional who can help improve processes, solve problems, and support business growth. This is NOT a basic admin or assistant role. You will be expected to think, take ownership, identify issues, and push tasks to completion without being told every step. Role Overview You will work directly with leadership to monitor workflows, manage vendor relationships, and identify opportunities to improve efficiency and performance across the business. Your role is to ensure nothing falls through the cracks and that problems are identified, addressed, and resolved quickly. Key Responsibilities Track ongoing tasks, projects, and priorities. Identify inefficiencies, issues, or gaps and propose solutions. Communicate with vendors, partners, and service providers. Follow up consistently on all open items until completion. Assist in improving systems, workflows, and processes. Review reports, invoices, and data to identify",app development,https://www.linkedin.com/jobs/view/4400926991/
"AI Powered Mobile App Developer, (Remote, Full-Time) PK [AS198]",N/A,N/A,N/A,"About the job About Smart Working At Smart Working, we believe your job should not only look right on paper but also feel right every day. This isn’t just another remote opportunity - it’s about finding where you truly belong, no matter where you are. From day one, you’re welcomed into a genuine community that values your growth and well-being. Our mission is simple: to break down geographic barriers and connect skilled professionals with outstanding global teams and products for full-time, long-term roles. We help you discover meaningful work with teams that invest in your success, where you’re empowered to grow personally and professionally. Join one of the highest-rated workplaces on Glassdoor and experience what it means to thrive in a truly remote-first world. About the role As an AI Powered Mobile App Developer (IOS/Android), you will take ownership of the technical direction and delivery of a mobile app and supporting platform at a pivotal early stage of the business. This is a ",app development,https://www.linkedin.com/jobs/view/4378163786/
Assistant Manager Business Innovation,N/A,Sidrah Umar,N/A,"About the job Job Purpose: To lead innovation initiatives by identifying, evaluating, and implementing innovative business ideas and related technologies, and process improvements to enhance organizational efficiency, improve customer experience, drive revenue growth, and enable timely, data-driven decision-making for sustainable growth. Job Responsibilities: Strong understanding of business dynamics, and business operations. Conduct feasibility studies and impact analyses of proposed ideas to ensure alignment with the CMCC/CMPak strategic roadmap. Proactive market insight and industry awareness to actively contribute to business growth and product development initiatives. Identify and evaluate innovate business ideas/projects, emerging technologies, and relevant market trends. Act as a bridge between various business units to foster as a structured innovation culture transforming raw ideas into formalized projects. End-to-End manage Business Innovation ideas/projects in line with defi",app development,https://www.linkedin.com/jobs/view/4398827012/
"Software Engineer, Product & Growth",N/A,N/A,N/A,"About the job 100% remote. No direct experience necessary. We hire based on aptitude not experience. Consider applying if you think you have skills and aptitude but are still early in your career. Why this is the best job on the planet for an engineer who is also interested in product and growth: Great starting salary. You will work on real products with real customers, and you’ll see your code and product decisions directly impact user experience, retention, and revenue. You’ll help take a project from “we just acquired this app/business” to “this is a well-run, growing, customer-loved product” – and you’ll be the engineer making that transformation happen. You will have an opportunity for quick salary increases and to get equity in the business. This is an environment where you will be stretched and learn faster than pretty much any other role because it’s very hands-on and practical with the ability to take on responsibilities fast. What You’ll Work On Building, improving, and maint",app development,https://www.linkedin.com/jobs/view/4399866240/
